m,TagName,NumberOfPosts
"2008-07-01 00:00:00","c#","3"
"2008-08-01 00:00:00","assembly","8"
"2008-08-01 00:00:00","c","82"
"2008-08-01 00:00:00","c#","503"
"2008-08-01 00:00:00","c++","164"
"2008-08-01 00:00:00","delphi","13"
"2008-08-01 00:00:00","java","220"
"2008-08-01 00:00:00","javascript","160"
"2008-08-01 00:00:00","perl","28"
"2008-08-01 00:00:00","php","157"
"2008-08-01 00:00:00","python","119"
"2008-08-01 00:00:00","ruby","68"
"2008-09-01 00:00:00","assembly","28"
"2008-09-01 00:00:00","c","320"
"2008-09-01 00:00:00","c#","1640"
"2008-09-01 00:00:00","c++","753"
"2008-09-01 00:00:00","delphi","104"
"2008-09-01 00:00:00","java","1122"
"2008-09-01 00:00:00","javascript","630"
"2008-09-01 00:00:00","perl","129"
"2008-09-01 00:00:00","php","474"
"2008-09-01 00:00:00","python","534"
"2008-09-01 00:00:00","r","6"
"2008-09-01 00:00:00","ruby","285"
"2008-10-01 00:00:00","assembly","16"
"2008-10-01 00:00:00","c","303"
"2008-10-01 00:00:00","c#","1984"
"2008-10-01 00:00:00","c++","805"
"2008-10-01 00:00:00","delphi","112"
"2008-10-01 00:00:00","java","1145"
"2008-10-01 00:00:00","javascript","720"
"2008-10-01 00:00:00","perl","128"
"2008-10-01 00:00:00","php","603"
"2008-10-01 00:00:00","python","505"
"2008-10-01 00:00:00","ruby","246"
"2008-11-01 00:00:00","assembly","16"
"2008-11-01 00:00:00","c","258"
"2008-11-01 00:00:00","c#","1729"
"2008-11-01 00:00:00","c++","733"
"2008-11-01 00:00:00","delphi","139"
"2008-11-01 00:00:00","java","953"
"2008-11-01 00:00:00","javascript","581"
"2008-11-01 00:00:00","perl","97"
"2008-11-01 00:00:00","php","497"
"2008-11-01 00:00:00","python","447"
"2008-11-01 00:00:00","r","1"
"2008-11-01 00:00:00","ruby","154"
"2008-12-01 00:00:00","assembly","17"
"2008-12-01 00:00:00","c","188"
"2008-12-01 00:00:00","c#","1593"
"2008-12-01 00:00:00","c++","630"
"2008-12-01 00:00:00","delphi","133"
"2008-12-01 00:00:00","java","824"
"2008-12-01 00:00:00","javascript","625"
"2008-12-01 00:00:00","perl","133"
"2008-12-01 00:00:00","php","473"
"2008-12-01 00:00:00","python","438"
"2008-12-01 00:00:00","r","1"
"2008-12-01 00:00:00","ruby","159"
"2009-01-01 00:00:00","assembly","22"
"2009-01-01 00:00:00","c","317"
"2009-01-01 00:00:00","c#","2373"
"2009-01-01 00:00:00","c++","845"
"2009-01-01 00:00:00","delphi","163"
"2009-01-01 00:00:00","java","1142"
"2009-01-01 00:00:00","javascript","787"
"2009-01-01 00:00:00","perl","146"
"2009-01-01 00:00:00","php","626"
"2009-01-01 00:00:00","python","631"
"2009-01-01 00:00:00","r","8"
"2009-01-01 00:00:00","ruby","205"
"2009-01-01 00:00:00","swift","1"
"2009-02-01 00:00:00","assembly","36"
"2009-02-01 00:00:00","c","332"
"2009-02-01 00:00:00","c#","2595"
"2009-02-01 00:00:00","c++","841"
"2009-02-01 00:00:00","delphi","166"
"2009-02-01 00:00:00","java","1201"
"2009-02-01 00:00:00","javascript","944"
"2009-02-01 00:00:00","perl","163"
"2009-02-01 00:00:00","php","751"
"2009-02-01 00:00:00","python","629"
"2009-02-01 00:00:00","r","8"
"2009-02-01 00:00:00","ruby","286"
"2009-02-01 00:00:00","swift","1"
"2009-03-01 00:00:00","assembly","24"
"2009-03-01 00:00:00","c","428"
"2009-03-01 00:00:00","c#","3155"
"2009-03-01 00:00:00","c++","1043"
"2009-03-01 00:00:00","delphi","161"
"2009-03-01 00:00:00","java","1425"
"2009-03-01 00:00:00","javascript","1006"
"2009-03-01 00:00:00","perl","136"
"2009-03-01 00:00:00","php","891"
"2009-03-01 00:00:00","python","764"
"2009-03-01 00:00:00","r","4"
"2009-03-01 00:00:00","ruby","329"
"2009-03-01 00:00:00","swift","1"
"2009-04-01 00:00:00","assembly","50"
"2009-04-01 00:00:00","c","454"
"2009-04-01 00:00:00","c#","3303"
"2009-04-01 00:00:00","c++","1015"
"2009-04-01 00:00:00","delphi","185"
"2009-04-01 00:00:00","java","1526"
"2009-04-01 00:00:00","javascript","1042"
"2009-04-01 00:00:00","perl","161"
"2009-04-01 00:00:00","php","950"
"2009-04-01 00:00:00","python","769"
"2009-04-01 00:00:00","r","12"
"2009-04-01 00:00:00","ruby","356"
"2009-05-01 00:00:00","assembly","46"
"2009-05-01 00:00:00","c","479"
"2009-05-01 00:00:00","c#","3547"
"2009-05-01 00:00:00","c++","1212"
"2009-05-01 00:00:00","delphi","202"
"2009-05-01 00:00:00","java","1812"
"2009-05-01 00:00:00","javascript","1429"
"2009-05-01 00:00:00","perl","196"
"2009-05-01 00:00:00","php","1164"
"2009-05-01 00:00:00","python","995"
"2009-05-01 00:00:00","r","2"
"2009-05-01 00:00:00","ruby","400"
"2009-05-01 00:00:00","swift","2"
"2009-06-01 00:00:00","assembly","47"
"2009-06-01 00:00:00","c","499"
"2009-06-01 00:00:00","c#","3874"
"2009-06-01 00:00:00","c++","1249"
"2009-06-01 00:00:00","delphi","221"
"2009-06-01 00:00:00","java","2108"
"2009-06-01 00:00:00","javascript","1548"
"2009-06-01 00:00:00","perl","246"
"2009-06-01 00:00:00","php","1569"
"2009-06-01 00:00:00","python","1041"
"2009-06-01 00:00:00","r","5"
"2009-06-01 00:00:00","ruby","431"
"2009-07-01 00:00:00","assembly","32"
"2009-07-01 00:00:00","c","537"
"2009-07-01 00:00:00","c#","4400"
"2009-07-01 00:00:00","c++","1463"
"2009-07-01 00:00:00","delphi","269"
"2009-07-01 00:00:00","java","2250"
"2009-07-01 00:00:00","javascript","1754"
"2009-07-01 00:00:00","perl","256"
"2009-07-01 00:00:00","php","2001"
"2009-07-01 00:00:00","python","1157"
"2009-07-01 00:00:00","r","49"
"2009-07-01 00:00:00","ruby","499"
"2009-08-01 00:00:00","assembly","48"
"2009-08-01 00:00:00","c","529"
"2009-08-01 00:00:00","c#","4443"
"2009-08-01 00:00:00","c++","1397"
"2009-08-01 00:00:00","delphi","246"
"2009-08-01 00:00:00","java","2183"
"2009-08-01 00:00:00","javascript","1856"
"2009-08-01 00:00:00","perl","248"
"2009-08-01 00:00:00","php","2166"
"2009-08-01 00:00:00","python","1131"
"2009-08-01 00:00:00","r","47"
"2009-08-01 00:00:00","ruby","484"
"2009-08-01 00:00:00","swift","3"
"2009-09-01 00:00:00","assembly","62"
"2009-09-01 00:00:00","c","572"
"2009-09-01 00:00:00","c#","4348"
"2009-09-01 00:00:00","c++","1461"
"2009-09-01 00:00:00","delphi","251"
"2009-09-01 00:00:00","java","2256"
"2009-09-01 00:00:00","javascript","1755"
"2009-09-01 00:00:00","perl","247"
"2009-09-01 00:00:00","php","2241"
"2009-09-01 00:00:00","python","1169"
"2009-09-01 00:00:00","r","138"
"2009-09-01 00:00:00","ruby","477"
"2009-09-01 00:00:00","swift","3"
"2009-10-01 00:00:00","assembly","73"
"2009-10-01 00:00:00","c","771"
"2009-10-01 00:00:00","c#","4720"
"2009-10-01 00:00:00","c++","1682"
"2009-10-01 00:00:00","delphi","254"
"2009-10-01 00:00:00","java","2499"
"2009-10-01 00:00:00","javascript","2046"
"2009-10-01 00:00:00","perl","281"
"2009-10-01 00:00:00","php","2336"
"2009-10-01 00:00:00","python","1416"
"2009-10-01 00:00:00","r","73"
"2009-10-01 00:00:00","ruby","492"
"2009-10-01 00:00:00","swift","1"
"2009-11-01 00:00:00","assembly","82"
"2009-11-01 00:00:00","c","958"
"2009-11-01 00:00:00","c#","4674"
"2009-11-01 00:00:00","c++","1744"
"2009-11-01 00:00:00","delphi","274"
"2009-11-01 00:00:00","go","65"
"2009-11-01 00:00:00","java","2753"
"2009-11-01 00:00:00","javascript","2234"
"2009-11-01 00:00:00","perl","322"
"2009-11-01 00:00:00","php","2665"
"2009-11-01 00:00:00","python","1550"
"2009-11-01 00:00:00","r","93"
"2009-11-01 00:00:00","ruby","654"
"2009-11-01 00:00:00","swift","3"
"2009-12-01 00:00:00","assembly","62"
"2009-12-01 00:00:00","c","848"
"2009-12-01 00:00:00","c#","4482"
"2009-12-01 00:00:00","c++","1651"
"2009-12-01 00:00:00","delphi","281"
"2009-12-01 00:00:00","go","11"
"2009-12-01 00:00:00","java","2677"
"2009-12-01 00:00:00","javascript","2303"
"2009-12-01 00:00:00","perl","261"
"2009-12-01 00:00:00","php","2798"
"2009-12-01 00:00:00","python","1584"
"2009-12-01 00:00:00","r","80"
"2009-12-01 00:00:00","ruby","570"
"2009-12-01 00:00:00","swift","1"
"2010-01-01 00:00:00","assembly","100"
"2010-01-01 00:00:00","c","977"
"2010-01-01 00:00:00","c#","5108"
"2010-01-01 00:00:00","c++","1995"
"2010-01-01 00:00:00","delphi","302"
"2010-01-01 00:00:00","go","15"
"2010-01-01 00:00:00","java","3718"
"2010-01-01 00:00:00","javascript","2622"
"2010-01-01 00:00:00","perl","299"
"2010-01-01 00:00:00","php","3406"
"2010-01-01 00:00:00","python","1935"
"2010-01-01 00:00:00","r","94"
"2010-01-01 00:00:00","ruby","682"
"2010-02-01 00:00:00","assembly","69"
"2010-02-01 00:00:00","c","1034"
"2010-02-01 00:00:00","c#","5092"
"2010-02-01 00:00:00","c++","2275"
"2010-02-01 00:00:00","delphi","283"
"2010-02-01 00:00:00","go","7"
"2010-02-01 00:00:00","java","3571"
"2010-02-01 00:00:00","javascript","2637"
"2010-02-01 00:00:00","perl","347"
"2010-02-01 00:00:00","php","3134"
"2010-02-01 00:00:00","python","1860"
"2010-02-01 00:00:00","r","122"
"2010-02-01 00:00:00","ruby","688"
"2010-02-01 00:00:00","swift","2"
"2010-03-01 00:00:00","assembly","123"
"2010-03-01 00:00:00","c","1113"
"2010-03-01 00:00:00","c#","6021"
"2010-03-01 00:00:00","c++","2428"
"2010-03-01 00:00:00","delphi","315"
"2010-03-01 00:00:00","go","8"
"2010-03-01 00:00:00","java","4437"
"2010-03-01 00:00:00","javascript","2986"
"2010-03-01 00:00:00","perl","390"
"2010-03-01 00:00:00","php","3708"
"2010-03-01 00:00:00","python","2069"
"2010-03-01 00:00:00","r","139"
"2010-03-01 00:00:00","ruby","692"
"2010-03-01 00:00:00","swift","1"
"2010-04-01 00:00:00","assembly","124"
"2010-04-01 00:00:00","c","1180"
"2010-04-01 00:00:00","c#","5769"
"2010-04-01 00:00:00","c++","2487"
"2010-04-01 00:00:00","delphi","269"
"2010-04-01 00:00:00","go","10"
"2010-04-01 00:00:00","java","3869"
"2010-04-01 00:00:00","javascript","3009"
"2010-04-01 00:00:00","perl","363"
"2010-04-01 00:00:00","php","3623"
"2010-04-01 00:00:00","python","1805"
"2010-04-01 00:00:00","r","160"
"2010-04-01 00:00:00","ruby","752"
"2010-04-01 00:00:00","swift","2"
"2010-05-01 00:00:00","assembly","108"
"2010-05-01 00:00:00","c","1178"
"2010-05-01 00:00:00","c#","5923"
"2010-05-01 00:00:00","c++","2414"
"2010-05-01 00:00:00","delphi","280"
"2010-05-01 00:00:00","go","17"
"2010-05-01 00:00:00","java","4161"
"2010-05-01 00:00:00","javascript","3231"
"2010-05-01 00:00:00","perl","286"
"2010-05-01 00:00:00","php","3949"
"2010-05-01 00:00:00","python","2008"
"2010-05-01 00:00:00","r","139"
"2010-05-01 00:00:00","ruby","775"
"2010-05-01 00:00:00","swift","1"
"2010-06-01 00:00:00","assembly","90"
"2010-06-01 00:00:00","c","1152"
"2010-06-01 00:00:00","c#","6135"
"2010-06-01 00:00:00","c++","2819"
"2010-06-01 00:00:00","delphi","329"
"2010-06-01 00:00:00","go","15"
"2010-06-01 00:00:00","java","4272"
"2010-06-01 00:00:00","javascript","3475"
"2010-06-01 00:00:00","perl","409"
"2010-06-01 00:00:00","php","4064"
"2010-06-01 00:00:00","python","2202"
"2010-06-01 00:00:00","r","176"
"2010-06-01 00:00:00","ruby","850"
"2010-06-01 00:00:00","swift","3"
"2010-07-01 00:00:00","assembly","96"
"2010-07-01 00:00:00","c","1283"
"2010-07-01 00:00:00","c#","6672"
"2010-07-01 00:00:00","c++","2672"
"2010-07-01 00:00:00","delphi","333"
"2010-07-01 00:00:00","go","8"
"2010-07-01 00:00:00","java","4499"
"2010-07-01 00:00:00","javascript","3878"
"2010-07-01 00:00:00","perl","435"
"2010-07-01 00:00:00","php","4574"
"2010-07-01 00:00:00","python","2580"
"2010-07-01 00:00:00","r","233"
"2010-07-01 00:00:00","ruby","910"
"2010-07-01 00:00:00","swift","1"
"2010-08-01 00:00:00","assembly","86"
"2010-08-01 00:00:00","c","1364"
"2010-08-01 00:00:00","c#","6953"
"2010-08-01 00:00:00","c++","2625"
"2010-08-01 00:00:00","delphi","353"
"2010-08-01 00:00:00","go","13"
"2010-08-01 00:00:00","java","4694"
"2010-08-01 00:00:00","javascript","3996"
"2010-08-01 00:00:00","perl","544"
"2010-08-01 00:00:00","php","5096"
"2010-08-01 00:00:00","python","2489"
"2010-08-01 00:00:00","r","283"
"2010-08-01 00:00:00","ruby","991"
"2010-08-01 00:00:00","swift","2"
"2010-09-01 00:00:00","assembly","117"
"2010-09-01 00:00:00","c","1369"
"2010-09-01 00:00:00","c#","6406"
"2010-09-01 00:00:00","c++","2725"
"2010-09-01 00:00:00","delphi","318"
"2010-09-01 00:00:00","go","9"
"2010-09-01 00:00:00","java","4697"
"2010-09-01 00:00:00","javascript","3994"
"2010-09-01 00:00:00","perl","460"
"2010-09-01 00:00:00","php","4665"
"2010-09-01 00:00:00","python","2246"
"2010-09-01 00:00:00","r","235"
"2010-09-01 00:00:00","ruby","935"
"2010-09-01 00:00:00","swift","2"
"2010-10-01 00:00:00","assembly","123"
"2010-10-01 00:00:00","c","1438"
"2010-10-01 00:00:00","c#","6721"
"2010-10-01 00:00:00","c++","2928"
"2010-10-01 00:00:00","delphi","361"
"2010-10-01 00:00:00","go","13"
"2010-10-01 00:00:00","java","5010"
"2010-10-01 00:00:00","javascript","4101"
"2010-10-01 00:00:00","perl","497"
"2010-10-01 00:00:00","php","4475"
"2010-10-01 00:00:00","python","2668"
"2010-10-01 00:00:00","r","214"
"2010-10-01 00:00:00","ruby","924"
"2010-10-01 00:00:00","swift","1"
"2010-11-01 00:00:00","assembly","164"
"2010-11-01 00:00:00","c","1674"
"2010-11-01 00:00:00","c#","7304"
"2010-11-01 00:00:00","c++","3363"
"2010-11-01 00:00:00","delphi","389"
"2010-11-01 00:00:00","go","16"
"2010-11-01 00:00:00","java","5579"
"2010-11-01 00:00:00","javascript","4540"
"2010-11-01 00:00:00","perl","464"
"2010-11-01 00:00:00","php","5077"
"2010-11-01 00:00:00","python","2598"
"2010-11-01 00:00:00","r","241"
"2010-11-01 00:00:00","ruby","926"
"2010-11-01 00:00:00","swift","1"
"2010-12-01 00:00:00","assembly","125"
"2010-12-01 00:00:00","c","1466"
"2010-12-01 00:00:00","c#","7092"
"2010-12-01 00:00:00","c++","3127"
"2010-12-01 00:00:00","delphi","321"
"2010-12-01 00:00:00","go","18"
"2010-12-01 00:00:00","java","5660"
"2010-12-01 00:00:00","javascript","4950"
"2010-12-01 00:00:00","perl","500"
"2010-12-01 00:00:00","php","5339"
"2010-12-01 00:00:00","python","2472"
"2010-12-01 00:00:00","r","223"
"2010-12-01 00:00:00","ruby","1021"
"2010-12-01 00:00:00","swift","2"
"2011-01-01 00:00:00","assembly","133"
"2011-01-01 00:00:00","c","1458"
"2011-01-01 00:00:00","c#","7972"
"2011-01-01 00:00:00","c++","3481"
"2011-01-01 00:00:00","delphi","368"
"2011-01-01 00:00:00","go","15"
"2011-01-01 00:00:00","java","6521"
"2011-01-01 00:00:00","javascript","5414"
"2011-01-01 00:00:00","perl","473"
"2011-01-01 00:00:00","php","6374"
"2011-01-01 00:00:00","python","2896"
"2011-01-01 00:00:00","r","249"
"2011-01-01 00:00:00","ruby","1202"
"2011-01-01 00:00:00","swift","4"
"2011-02-01 00:00:00","assembly","147"
"2011-02-01 00:00:00","c","1632"
"2011-02-01 00:00:00","c#","8200"
"2011-02-01 00:00:00","c++","3433"
"2011-02-01 00:00:00","delphi","358"
"2011-02-01 00:00:00","go","16"
"2011-02-01 00:00:00","java","6845"
"2011-02-01 00:00:00","javascript","5592"
"2011-02-01 00:00:00","perl","481"
"2011-02-01 00:00:00","php","6660"
"2011-02-01 00:00:00","python","3002"
"2011-02-01 00:00:00","r","322"
"2011-02-01 00:00:00","ruby","1247"
"2011-02-01 00:00:00","swift","5"
"2011-03-01 00:00:00","assembly","193"
"2011-03-01 00:00:00","c","2107"
"2011-03-01 00:00:00","c#","9963"
"2011-03-01 00:00:00","c++","4164"
"2011-03-01 00:00:00","delphi","515"
"2011-03-01 00:00:00","go","3"
"2011-03-01 00:00:00","java","8445"
"2011-03-01 00:00:00","javascript","6747"
"2011-03-01 00:00:00","perl","604"
"2011-03-01 00:00:00","php","8047"
"2011-03-01 00:00:00","python","3739"
"2011-03-01 00:00:00","r","422"
"2011-03-01 00:00:00","ruby","1636"
"2011-03-01 00:00:00","swift","3"
"2011-04-01 00:00:00","assembly","159"
"2011-04-01 00:00:00","c","2032"
"2011-04-01 00:00:00","c#","9250"
"2011-04-01 00:00:00","c++","4157"
"2011-04-01 00:00:00","delphi","400"
"2011-04-01 00:00:00","go","7"
"2011-04-01 00:00:00","java","7878"
"2011-04-01 00:00:00","javascript","6868"
"2011-04-01 00:00:00","perl","550"
"2011-04-01 00:00:00","php","7562"
"2011-04-01 00:00:00","python","3323"
"2011-04-01 00:00:00","r","474"
"2011-04-01 00:00:00","ruby","1475"
"2011-04-01 00:00:00","swift","3"
"2011-05-01 00:00:00","assembly","158"
"2011-05-01 00:00:00","c","1824"
"2011-05-01 00:00:00","c#","9961"
"2011-05-01 00:00:00","c++","3861"
"2011-05-01 00:00:00","delphi","472"
"2011-05-01 00:00:00","go","36"
"2011-05-01 00:00:00","java","8516"
"2011-05-01 00:00:00","javascript","7287"
"2011-05-01 00:00:00","perl","581"
"2011-05-01 00:00:00","php","8034"
"2011-05-01 00:00:00","python","3509"
"2011-05-01 00:00:00","r","425"
"2011-05-01 00:00:00","ruby","1562"
"2011-05-01 00:00:00","swift","1"
"2011-06-01 00:00:00","assembly","139"
"2011-06-01 00:00:00","c","1759"
"2011-06-01 00:00:00","c#","9709"
"2011-06-01 00:00:00","c++","3793"
"2011-06-01 00:00:00","delphi","452"
"2011-06-01 00:00:00","go","34"
"2011-06-01 00:00:00","java","7857"
"2011-06-01 00:00:00","javascript","7656"
"2011-06-01 00:00:00","perl","567"
"2011-06-01 00:00:00","php","7983"
"2011-06-01 00:00:00","python","3457"
"2011-06-01 00:00:00","r","442"
"2011-06-01 00:00:00","ruby","1553"
"2011-06-01 00:00:00","swift","4"
"2011-07-01 00:00:00","assembly","140"
"2011-07-01 00:00:00","c","1656"
"2011-07-01 00:00:00","c#","9552"
"2011-07-01 00:00:00","c++","3843"
"2011-07-01 00:00:00","delphi","428"
"2011-07-01 00:00:00","go","26"
"2011-07-01 00:00:00","java","8117"
"2011-07-01 00:00:00","javascript","8076"
"2011-07-01 00:00:00","perl","658"
"2011-07-01 00:00:00","php","8588"
"2011-07-01 00:00:00","python","3644"
"2011-07-01 00:00:00","r","453"
"2011-07-01 00:00:00","ruby","1577"
"2011-07-01 00:00:00","swift","12"
"2011-08-01 00:00:00","assembly","159"
"2011-08-01 00:00:00","c","1825"
"2011-08-01 00:00:00","c#","9997"
"2011-08-01 00:00:00","c++","3941"
"2011-08-01 00:00:00","delphi","420"
"2011-08-01 00:00:00","go","40"
"2011-08-01 00:00:00","java","8623"
"2011-08-01 00:00:00","javascript","8860"
"2011-08-01 00:00:00","perl","609"
"2011-08-01 00:00:00","php","8835"
"2011-08-01 00:00:00","python","3813"
"2011-08-01 00:00:00","r","586"
"2011-08-01 00:00:00","ruby","1847"
"2011-08-01 00:00:00","swift","8"
"2011-09-01 00:00:00","assembly","154"
"2011-09-01 00:00:00","c","1913"
"2011-09-01 00:00:00","c#","9231"
"2011-09-01 00:00:00","c++","3924"
"2011-09-01 00:00:00","delphi","413"
"2011-09-01 00:00:00","go","26"
"2011-09-01 00:00:00","java","8273"
"2011-09-01 00:00:00","javascript","8130"
"2011-09-01 00:00:00","perl","500"
"2011-09-01 00:00:00","php","7981"
"2011-09-01 00:00:00","python","3503"
"2011-09-01 00:00:00","r","612"
"2011-09-01 00:00:00","ruby","1541"
"2011-09-01 00:00:00","swift","6"
"2011-10-01 00:00:00","assembly","211"
"2011-10-01 00:00:00","c","2136"
"2011-10-01 00:00:00","c#","9143"
"2011-10-01 00:00:00","c++","4327"
"2011-10-01 00:00:00","delphi","463"
"2011-10-01 00:00:00","go","39"
"2011-10-01 00:00:00","java","8490"
"2011-10-01 00:00:00","javascript","7970"
"2011-10-01 00:00:00","perl","555"
"2011-10-01 00:00:00","php","7970"
"2011-10-01 00:00:00","python","3597"
"2011-10-01 00:00:00","r","618"
"2011-10-01 00:00:00","ruby","1600"
"2011-10-01 00:00:00","swift","6"
"2011-11-01 00:00:00","assembly","211"
"2011-11-01 00:00:00","c","2194"
"2011-11-01 00:00:00","c#","9832"
"2011-11-01 00:00:00","c++","4445"
"2011-11-01 00:00:00","delphi","504"
"2011-11-01 00:00:00","go","65"
"2011-11-01 00:00:00","java","9560"
"2011-11-01 00:00:00","javascript","8588"
"2011-11-01 00:00:00","perl","604"
"2011-11-01 00:00:00","php","8589"
"2011-11-01 00:00:00","python","3851"
"2011-11-01 00:00:00","r","605"
"2011-11-01 00:00:00","ruby","1731"
"2011-11-01 00:00:00","swift","4"
"2011-12-01 00:00:00","assembly","227"
"2011-12-01 00:00:00","c","1997"
"2011-12-01 00:00:00","c#","9238"
"2011-12-01 00:00:00","c++","4325"
"2011-12-01 00:00:00","delphi","570"
"2011-12-01 00:00:00","go","52"
"2011-12-01 00:00:00","java","9102"
"2011-12-01 00:00:00","javascript","8259"
"2011-12-01 00:00:00","perl","537"
"2011-12-01 00:00:00","php","8256"
"2011-12-01 00:00:00","python","3602"
"2011-12-01 00:00:00","r","612"
"2011-12-01 00:00:00","ruby","1664"
"2011-12-01 00:00:00","swift","2"
"2012-01-01 00:00:00","assembly","168"
"2012-01-01 00:00:00","c","2212"
"2012-01-01 00:00:00","c#","10303"
"2012-01-01 00:00:00","c++","4510"
"2012-01-01 00:00:00","delphi","509"
"2012-01-01 00:00:00","go","37"
"2012-01-01 00:00:00","java","10045"
"2012-01-01 00:00:00","javascript","9518"
"2012-01-01 00:00:00","perl","561"
"2012-01-01 00:00:00","php","9165"
"2012-01-01 00:00:00","python","4170"
"2012-01-01 00:00:00","r","689"
"2012-01-01 00:00:00","ruby","1880"
"2012-01-01 00:00:00","swift","6"
"2012-02-01 00:00:00","assembly","229"
"2012-02-01 00:00:00","c","2390"
"2012-02-01 00:00:00","c#","10654"
"2012-02-01 00:00:00","c++","5067"
"2012-02-01 00:00:00","delphi","471"
"2012-02-01 00:00:00","go","31"
"2012-02-01 00:00:00","java","10844"
"2012-02-01 00:00:00","javascript","9884"
"2012-02-01 00:00:00","perl","612"
"2012-02-01 00:00:00","php","9789"
"2012-02-01 00:00:00","python","4469"
"2012-02-01 00:00:00","r","811"
"2012-02-01 00:00:00","ruby","2029"
"2012-02-01 00:00:00","swift","9"
"2012-03-01 00:00:00","assembly","260"
"2012-03-01 00:00:00","c","2702"
"2012-03-01 00:00:00","c#","11456"
"2012-03-01 00:00:00","c++","5182"
"2012-03-01 00:00:00","delphi","492"
"2012-03-01 00:00:00","go","47"
"2012-03-01 00:00:00","java","12244"
"2012-03-01 00:00:00","javascript","10600"
"2012-03-01 00:00:00","perl","607"
"2012-03-01 00:00:00","php","10740"
"2012-03-01 00:00:00","python","4992"
"2012-03-01 00:00:00","r","887"
"2012-03-01 00:00:00","ruby","2172"
"2012-03-01 00:00:00","swift","4"
"2012-04-01 00:00:00","assembly","276"
"2012-04-01 00:00:00","c","2655"
"2012-04-01 00:00:00","c#","10968"
"2012-04-01 00:00:00","c++","5256"
"2012-04-01 00:00:00","delphi","480"
"2012-04-01 00:00:00","go","69"
"2012-04-01 00:00:00","java","11885"
"2012-04-01 00:00:00","javascript","10555"
"2012-04-01 00:00:00","perl","596"
"2012-04-01 00:00:00","php","10241"
"2012-04-01 00:00:00","python","4880"
"2012-04-01 00:00:00","r","836"
"2012-04-01 00:00:00","ruby","1947"
"2012-04-01 00:00:00","swift","5"
"2012-05-01 00:00:00","assembly","225"
"2012-05-01 00:00:00","c","2458"
"2012-05-01 00:00:00","c#","11396"
"2012-05-01 00:00:00","c++","4935"
"2012-05-01 00:00:00","delphi","474"
"2012-05-01 00:00:00","go","69"
"2012-05-01 00:00:00","java","12029"
"2012-05-01 00:00:00","javascript","11386"
"2012-05-01 00:00:00","perl","642"
"2012-05-01 00:00:00","php","10791"
"2012-05-01 00:00:00","python","5045"
"2012-05-01 00:00:00","r","869"
"2012-05-01 00:00:00","ruby","1950"
"2012-05-01 00:00:00","swift","7"
"2012-06-01 00:00:00","assembly","199"
"2012-06-01 00:00:00","c","2294"
"2012-06-01 00:00:00","c#","11219"
"2012-06-01 00:00:00","c++","4603"
"2012-06-01 00:00:00","delphi","415"
"2012-06-01 00:00:00","go","71"
"2012-06-01 00:00:00","java","10989"
"2012-06-01 00:00:00","javascript","11138"
"2012-06-01 00:00:00","perl","738"
"2012-06-01 00:00:00","php","10450"
"2012-06-01 00:00:00","python","5245"
"2012-06-01 00:00:00","r","965"
"2012-06-01 00:00:00","ruby","1879"
"2012-06-01 00:00:00","swift","4"
"2012-07-01 00:00:00","assembly","200"
"2012-07-01 00:00:00","c","2355"
"2012-07-01 00:00:00","c#","12219"
"2012-07-01 00:00:00","c++","5239"
"2012-07-01 00:00:00","delphi","435"
"2012-07-01 00:00:00","go","76"
"2012-07-01 00:00:00","java","12163"
"2012-07-01 00:00:00","javascript","12247"
"2012-07-01 00:00:00","perl","666"
"2012-07-01 00:00:00","php","11627"
"2012-07-01 00:00:00","python","5699"
"2012-07-01 00:00:00","r","1110"
"2012-07-01 00:00:00","ruby","2055"
"2012-07-01 00:00:00","swift","9"
"2012-08-01 00:00:00","assembly","189"
"2012-08-01 00:00:00","c","2308"
"2012-08-01 00:00:00","c#","11898"
"2012-08-01 00:00:00","c++","5138"
"2012-08-01 00:00:00","delphi","403"
"2012-08-01 00:00:00","go","72"
"2012-08-01 00:00:00","java","12190"
"2012-08-01 00:00:00","javascript","12380"
"2012-08-01 00:00:00","perl","760"
"2012-08-01 00:00:00","php","11804"
"2012-08-01 00:00:00","python","5846"
"2012-08-01 00:00:00","r","1084"
"2012-08-01 00:00:00","ruby","2052"
"2012-08-01 00:00:00","swift","5"
"2012-09-01 00:00:00","assembly","221"
"2012-09-01 00:00:00","c","2520"
"2012-09-01 00:00:00","c#","11225"
"2012-09-01 00:00:00","c++","4881"
"2012-09-01 00:00:00","delphi","384"
"2012-09-01 00:00:00","go","129"
"2012-09-01 00:00:00","java","11551"
"2012-09-01 00:00:00","javascript","11126"
"2012-09-01 00:00:00","perl","661"
"2012-09-01 00:00:00","php","10916"
"2012-09-01 00:00:00","python","5235"
"2012-09-01 00:00:00","r","1056"
"2012-09-01 00:00:00","ruby","1952"
"2012-09-01 00:00:00","swift","7"
"2012-10-01 00:00:00","assembly","314"
"2012-10-01 00:00:00","c","3144"
"2012-10-01 00:00:00","c#","12662"
"2012-10-01 00:00:00","c++","5887"
"2012-10-01 00:00:00","delphi","475"
"2012-10-01 00:00:00","go","101"
"2012-10-01 00:00:00","java","13409"
"2012-10-01 00:00:00","javascript","12358"
"2012-10-01 00:00:00","perl","682"
"2012-10-01 00:00:00","php","11690"
"2012-10-01 00:00:00","python","6114"
"2012-10-01 00:00:00","r","1264"
"2012-10-01 00:00:00","ruby","2250"
"2012-10-01 00:00:00","swift","4"
"2012-11-01 00:00:00","assembly","302"
"2012-11-01 00:00:00","c","3178"
"2012-11-01 00:00:00","c#","12191"
"2012-11-01 00:00:00","c++","6249"
"2012-11-01 00:00:00","delphi","441"
"2012-11-01 00:00:00","go","102"
"2012-11-01 00:00:00","java","13528"
"2012-11-01 00:00:00","javascript","12291"
"2012-11-01 00:00:00","perl","636"
"2012-11-01 00:00:00","php","11703"
"2012-11-01 00:00:00","python","6377"
"2012-11-01 00:00:00","r","1344"
"2012-11-01 00:00:00","ruby","2127"
"2012-11-01 00:00:00","swift","4"
"2012-12-01 00:00:00","assembly","260"
"2012-12-01 00:00:00","c","2555"
"2012-12-01 00:00:00","c#","10906"
"2012-12-01 00:00:00","c++","5666"
"2012-12-01 00:00:00","delphi","426"
"2012-12-01 00:00:00","go","112"
"2012-12-01 00:00:00","java","12357"
"2012-12-01 00:00:00","javascript","11701"
"2012-12-01 00:00:00","perl","551"
"2012-12-01 00:00:00","php","10979"
"2012-12-01 00:00:00","python","5730"
"2012-12-01 00:00:00","r","1209"
"2012-12-01 00:00:00","ruby","1902"
"2012-12-01 00:00:00","swift","4"
"2013-01-01 00:00:00","assembly","291"
"2013-01-01 00:00:00","c","2892"
"2013-01-01 00:00:00","c#","12705"
"2013-01-01 00:00:00","c++","6010"
"2013-01-01 00:00:00","delphi","479"
"2013-01-01 00:00:00","go","101"
"2013-01-01 00:00:00","java","13643"
"2013-01-01 00:00:00","javascript","13733"
"2013-01-01 00:00:00","perl","659"
"2013-01-01 00:00:00","php","12797"
"2013-01-01 00:00:00","python","6541"
"2013-01-01 00:00:00","r","1504"
"2013-01-01 00:00:00","ruby","2295"
"2013-01-01 00:00:00","swift","5"
"2013-02-01 00:00:00","assembly","324"
"2013-02-01 00:00:00","c","3084"
"2013-02-01 00:00:00","c#","12444"
"2013-02-01 00:00:00","c++","6038"
"2013-02-01 00:00:00","delphi","444"
"2013-02-01 00:00:00","go","117"
"2013-02-01 00:00:00","java","13612"
"2013-02-01 00:00:00","javascript","13575"
"2013-02-01 00:00:00","perl","745"
"2013-02-01 00:00:00","php","12447"
"2013-02-01 00:00:00","python","6706"
"2013-02-01 00:00:00","r","1655"
"2013-02-01 00:00:00","ruby","2208"
"2013-02-01 00:00:00","swift","6"
"2013-03-01 00:00:00","assembly","367"
"2013-03-01 00:00:00","c","3415"
"2013-03-01 00:00:00","c#","14190"
"2013-03-01 00:00:00","c++","7151"
"2013-03-01 00:00:00","delphi","522"
"2013-03-01 00:00:00","go","126"
"2013-03-01 00:00:00","java","15823"
"2013-03-01 00:00:00","javascript","15218"
"2013-03-01 00:00:00","perl","849"
"2013-03-01 00:00:00","php","14012"
"2013-03-01 00:00:00","python","7585"
"2013-03-01 00:00:00","r","1839"
"2013-03-01 00:00:00","ruby","2550"
"2013-03-01 00:00:00","swift","5"
"2013-04-01 00:00:00","assembly","329"
"2013-04-01 00:00:00","c","3514"
"2013-04-01 00:00:00","c#","13815"
"2013-04-01 00:00:00","c++","7083"
"2013-04-01 00:00:00","delphi","508"
"2013-04-01 00:00:00","go","125"
"2013-04-01 00:00:00","java","16109"
"2013-04-01 00:00:00","javascript","15234"
"2013-04-01 00:00:00","perl","837"
"2013-04-01 00:00:00","php","13309"
"2013-04-01 00:00:00","python","7900"
"2013-04-01 00:00:00","r","1829"
"2013-04-01 00:00:00","ruby","2455"
"2013-04-01 00:00:00","swift","6"
"2013-05-01 00:00:00","assembly","299"
"2013-05-01 00:00:00","c","3180"
"2013-05-01 00:00:00","c#","13377"
"2013-05-01 00:00:00","c++","6794"
"2013-05-01 00:00:00","delphi","527"
"2013-05-01 00:00:00","go","141"
"2013-05-01 00:00:00","java","15146"
"2013-05-01 00:00:00","javascript","14968"
"2013-05-01 00:00:00","perl","900"
"2013-05-01 00:00:00","php","12991"
"2013-05-01 00:00:00","python","7773"
"2013-05-01 00:00:00","r","1775"
"2013-05-01 00:00:00","ruby","2332"
"2013-05-01 00:00:00","swift","2"
"2013-06-01 00:00:00","assembly","291"
"2013-06-01 00:00:00","c","2922"
"2013-06-01 00:00:00","c#","12701"
"2013-06-01 00:00:00","c++","6169"
"2013-06-01 00:00:00","delphi","473"
"2013-06-01 00:00:00","go","175"
"2013-06-01 00:00:00","java","13818"
"2013-06-01 00:00:00","javascript","14496"
"2013-06-01 00:00:00","perl","825"
"2013-06-01 00:00:00","php","12613"
"2013-06-01 00:00:00","python","7559"
"2013-06-01 00:00:00","r","1761"
"2013-06-01 00:00:00","ruby","2216"
"2013-06-01 00:00:00","swift","4"
"2013-07-01 00:00:00","assembly","296"
"2013-07-01 00:00:00","c","2989"
"2013-07-01 00:00:00","c#","14068"
"2013-07-01 00:00:00","c++","6543"
"2013-07-01 00:00:00","delphi","503"
"2013-07-01 00:00:00","go","200"
"2013-07-01 00:00:00","java","15050"
"2013-07-01 00:00:00","javascript","16706"
"2013-07-01 00:00:00","perl","950"
"2013-07-01 00:00:00","php","14208"
"2013-07-01 00:00:00","python","8567"
"2013-07-01 00:00:00","r","1954"
"2013-07-01 00:00:00","ruby","2428"
"2013-07-01 00:00:00","swift","7"
"2013-08-01 00:00:00","assembly","210"
"2013-08-01 00:00:00","c","2992"
"2013-08-01 00:00:00","c#","13757"
"2013-08-01 00:00:00","c++","6214"
"2013-08-01 00:00:00","delphi","447"
"2013-08-01 00:00:00","go","206"
"2013-08-01 00:00:00","java","14932"
"2013-08-01 00:00:00","javascript","16733"
"2013-08-01 00:00:00","perl","831"
"2013-08-01 00:00:00","php","14201"
"2013-08-01 00:00:00","python","7908"
"2013-08-01 00:00:00","r","1910"
"2013-08-01 00:00:00","ruby","2473"
"2013-08-01 00:00:00","swift","4"
"2013-09-01 00:00:00","assembly","288"
"2013-09-01 00:00:00","c","3368"
"2013-09-01 00:00:00","c#","13659"
"2013-09-01 00:00:00","c++","6493"
"2013-09-01 00:00:00","delphi","486"
"2013-09-01 00:00:00","go","237"
"2013-09-01 00:00:00","java","16126"
"2013-09-01 00:00:00","javascript","17579"
"2013-09-01 00:00:00","perl","683"
"2013-09-01 00:00:00","php","14120"
"2013-09-01 00:00:00","python","7916"
"2013-09-01 00:00:00","r","1704"
"2013-09-01 00:00:00","ruby","2379"
"2013-09-01 00:00:00","swift","9"
"2013-10-01 00:00:00","assembly","375"
"2013-10-01 00:00:00","c","4214"
"2013-10-01 00:00:00","c#","15100"
"2013-10-01 00:00:00","c++","7915"
"2013-10-01 00:00:00","delphi","519"
"2013-10-01 00:00:00","go","211"
"2013-10-01 00:00:00","java","18573"
"2013-10-01 00:00:00","javascript","19597"
"2013-10-01 00:00:00","perl","813"
"2013-10-01 00:00:00","php","15184"
"2013-10-01 00:00:00","python","9438"
"2013-10-01 00:00:00","r","2080"
"2013-10-01 00:00:00","ruby","2783"
"2013-10-01 00:00:00","swift","10"
"2013-11-01 00:00:00","assembly","417"
"2013-11-01 00:00:00","c","4251"
"2013-11-01 00:00:00","c#","14493"
"2013-11-01 00:00:00","c++","8066"
"2013-11-01 00:00:00","delphi","456"
"2013-11-01 00:00:00","go","209"
"2013-11-01 00:00:00","java","18582"
"2013-11-01 00:00:00","javascript","18358"
"2013-11-01 00:00:00","perl","820"
"2013-11-01 00:00:00","php","14716"
"2013-11-01 00:00:00","python","9443"
"2013-11-01 00:00:00","r","2173"
"2013-11-01 00:00:00","ruby","2567"
"2013-11-01 00:00:00","swift","5"
"2013-12-01 00:00:00","assembly","354"
"2013-12-01 00:00:00","c","3480"
"2013-12-01 00:00:00","c#","13537"
"2013-12-01 00:00:00","c++","6960"
"2013-12-01 00:00:00","delphi","447"
"2013-12-01 00:00:00","go","240"
"2013-12-01 00:00:00","java","17316"
"2013-12-01 00:00:00","javascript","17912"
"2013-12-01 00:00:00","perl","761"
"2013-12-01 00:00:00","php","14264"
"2013-12-01 00:00:00","python","8398"
"2013-12-01 00:00:00","r","1902"
"2013-12-01 00:00:00","ruby","2430"
"2013-12-01 00:00:00","swift","10"
"2014-01-01 00:00:00","assembly","338"
"2014-01-01 00:00:00","c","3709"
"2014-01-01 00:00:00","c#","15234"
"2014-01-01 00:00:00","c++","7636"
"2014-01-01 00:00:00","delphi","487"
"2014-01-01 00:00:00","go","300"
"2014-01-01 00:00:00","java","18544"
"2014-01-01 00:00:00","javascript","20983"
"2014-01-01 00:00:00","perl","806"
"2014-01-01 00:00:00","php","16634"
"2014-01-01 00:00:00","python","9795"
"2014-01-01 00:00:00","r","2335"
"2014-01-01 00:00:00","ruby","2751"
"2014-01-01 00:00:00","swift","6"
"2014-02-01 00:00:00","assembly","373"
"2014-02-01 00:00:00","c","3954"
"2014-02-01 00:00:00","c#","15033"
"2014-02-01 00:00:00","c++","7619"
"2014-02-01 00:00:00","delphi","490"
"2014-02-01 00:00:00","go","203"
"2014-02-01 00:00:00","java","19083"
"2014-02-01 00:00:00","javascript","21015"
"2014-02-01 00:00:00","perl","787"
"2014-02-01 00:00:00","php","16371"
"2014-02-01 00:00:00","python","9849"
"2014-02-01 00:00:00","r","2611"
"2014-02-01 00:00:00","ruby","2591"
"2014-02-01 00:00:00","swift","12"
"2014-03-01 00:00:00","assembly","447"
"2014-03-01 00:00:00","c","4531"
"2014-03-01 00:00:00","c#","16065"
"2014-03-01 00:00:00","c++","8615"
"2014-03-01 00:00:00","delphi","440"
"2014-03-01 00:00:00","go","254"
"2014-03-01 00:00:00","java","21780"
"2014-03-01 00:00:00","javascript","22503"
"2014-03-01 00:00:00","perl","906"
"2014-03-01 00:00:00","php","18158"
"2014-03-01 00:00:00","python","11364"
"2014-03-01 00:00:00","r","2787"
"2014-03-01 00:00:00","ruby","2938"
"2014-03-01 00:00:00","swift","5"
"2014-04-01 00:00:00","assembly","359"
"2014-04-01 00:00:00","c","3973"
"2014-04-01 00:00:00","c#","15201"
"2014-04-01 00:00:00","c++","8072"
"2014-04-01 00:00:00","delphi","388"
"2014-04-01 00:00:00","go","340"
"2014-04-01 00:00:00","java","20677"
"2014-04-01 00:00:00","javascript","21276"
"2014-04-01 00:00:00","perl","820"
"2014-04-01 00:00:00","php","17483"
"2014-04-01 00:00:00","python","10682"
"2014-04-01 00:00:00","r","2715"
"2014-04-01 00:00:00","ruby","2738"
"2014-04-01 00:00:00","swift","4"
"2014-05-01 00:00:00","assembly","327"
"2014-05-01 00:00:00","c","3237"
"2014-05-01 00:00:00","c#","13802"
"2014-05-01 00:00:00","c++","6729"
"2014-05-01 00:00:00","delphi","468"
"2014-05-01 00:00:00","go","278"
"2014-05-01 00:00:00","java","17795"
"2014-05-01 00:00:00","javascript","19624"
"2014-05-01 00:00:00","perl","793"
"2014-05-01 00:00:00","php","14609"
"2014-05-01 00:00:00","python","9185"
"2014-05-01 00:00:00","r","2573"
"2014-05-01 00:00:00","ruby","2668"
"2014-05-01 00:00:00","swift","9"
"2014-06-01 00:00:00","assembly","264"
"2014-06-01 00:00:00","c","2752"
"2014-06-01 00:00:00","c#","12395"
"2014-06-01 00:00:00","c++","5617"
"2014-06-01 00:00:00","delphi","413"
"2014-06-01 00:00:00","go","288"
"2014-06-01 00:00:00","java","15775"
"2014-06-01 00:00:00","javascript","18163"
"2014-06-01 00:00:00","perl","676"
"2014-06-01 00:00:00","php","12868"
"2014-06-01 00:00:00","python","8866"
"2014-06-01 00:00:00","r","2387"
"2014-06-01 00:00:00","ruby","2324"
"2014-06-01 00:00:00","swift","2381"
"2014-07-01 00:00:00","assembly","213"
"2014-07-01 00:00:00","c","2810"
"2014-07-01 00:00:00","c#","13580"
"2014-07-01 00:00:00","c++","6235"
"2014-07-01 00:00:00","delphi","442"
"2014-07-01 00:00:00","go","450"
"2014-07-01 00:00:00","java","17240"
"2014-07-01 00:00:00","javascript","19983"
"2014-07-01 00:00:00","perl","732"
"2014-07-01 00:00:00","php","14164"
"2014-07-01 00:00:00","python","9866"
"2014-07-01 00:00:00","r","2624"
"2014-07-01 00:00:00","ruby","2547"
"2014-07-01 00:00:00","swift","1630"
"2014-08-01 00:00:00","assembly","183"
"2014-08-01 00:00:00","c","2667"
"2014-08-01 00:00:00","c#","12415"
"2014-08-01 00:00:00","c++","5844"
"2014-08-01 00:00:00","delphi","423"
"2014-08-01 00:00:00","go","405"
"2014-08-01 00:00:00","java","15620"
"2014-08-01 00:00:00","javascript","18331"
"2014-08-01 00:00:00","perl","683"
"2014-08-01 00:00:00","php","13105"
"2014-08-01 00:00:00","python","9078"
"2014-08-01 00:00:00","r","2458"
"2014-08-01 00:00:00","ruby","2454"
"2014-08-01 00:00:00","swift","1686"
"2014-09-01 00:00:00","assembly","276"
"2014-09-01 00:00:00","c","3213"
"2014-09-01 00:00:00","c#","12255"
"2014-09-01 00:00:00","c++","6146"
"2014-09-01 00:00:00","delphi","444"
"2014-09-01 00:00:00","go","389"
"2014-09-01 00:00:00","java","16563"
"2014-09-01 00:00:00","javascript","18004"
"2014-09-01 00:00:00","perl","678"
"2014-09-01 00:00:00","php","13248"
"2014-09-01 00:00:00","python","8726"
"2014-09-01 00:00:00","r","2353"
"2014-09-01 00:00:00","ruby","2260"
"2014-09-01 00:00:00","swift","1891"
"2014-10-01 00:00:00","assembly","387"
"2014-10-01 00:00:00","c","3778"
"2014-10-01 00:00:00","c#","12480"
"2014-10-01 00:00:00","c++","6793"
"2014-10-01 00:00:00","delphi","408"
"2014-10-01 00:00:00","go","379"
"2014-10-01 00:00:00","java","17758"
"2014-10-01 00:00:00","javascript","18805"
"2014-10-01 00:00:00","perl","638"
"2014-10-01 00:00:00","php","13484"
"2014-10-01 00:00:00","python","9539"
"2014-10-01 00:00:00","r","2761"
"2014-10-01 00:00:00","ruby","2339"
"2014-10-01 00:00:00","swift","2454"
"2014-11-01 00:00:00","assembly","381"
"2014-11-01 00:00:00","c","3641"
"2014-11-01 00:00:00","c#","11803"
"2014-11-01 00:00:00","c++","6517"
"2014-11-01 00:00:00","delphi","423"
"2014-11-01 00:00:00","go","335"
"2014-11-01 00:00:00","java","17715"
"2014-11-01 00:00:00","javascript","17880"
"2014-11-01 00:00:00","perl","656"
"2014-11-01 00:00:00","php","12929"
"2014-11-01 00:00:00","python","9525"
"2014-11-01 00:00:00","r","2696"
"2014-11-01 00:00:00","ruby","2106"
"2014-11-01 00:00:00","swift","2545"
"2014-12-01 00:00:00","assembly","322"
"2014-12-01 00:00:00","c","3139"
"2014-12-01 00:00:00","c#","11023"
"2014-12-01 00:00:00","c++","6043"
"2014-12-01 00:00:00","delphi","313"
"2014-12-01 00:00:00","go","349"
"2014-12-01 00:00:00","java","16263"
"2014-12-01 00:00:00","javascript","16888"
"2014-12-01 00:00:00","perl","564"
"2014-12-01 00:00:00","php","12238"
"2014-12-01 00:00:00","python","9006"
"2014-12-01 00:00:00","r","2351"
"2014-12-01 00:00:00","ruby","2139"
"2014-12-01 00:00:00","swift","2474"
"2015-01-01 00:00:00","assembly","332"
"2015-01-01 00:00:00","c","3202"
"2015-01-01 00:00:00","c#","11702"
"2015-01-01 00:00:00","c++","6106"
"2015-01-01 00:00:00","delphi","378"
"2015-01-01 00:00:00","go","468"
"2015-01-01 00:00:00","java","16462"
"2015-01-01 00:00:00","javascript","18442"
"2015-01-01 00:00:00","perl","588"
"2015-01-01 00:00:00","php","13526"
"2015-01-01 00:00:00","python","9652"
"2015-01-01 00:00:00","r","2675"
"2015-01-01 00:00:00","ruby","2417"
"2015-01-01 00:00:00","swift","3041"
"2015-02-01 00:00:00","assembly","356"
"2015-02-01 00:00:00","c","3355"
"2015-02-01 00:00:00","c#","11758"
"2015-02-01 00:00:00","c++","6449"
"2015-02-01 00:00:00","delphi","414"
"2015-02-01 00:00:00","go","381"
"2015-02-01 00:00:00","java","16683"
"2015-02-01 00:00:00","javascript","18578"
"2015-02-01 00:00:00","perl","564"
"2015-02-01 00:00:00","php","13456"
"2015-02-01 00:00:00","python","10170"
"2015-02-01 00:00:00","r","2960"
"2015-02-01 00:00:00","ruby","2254"
"2015-02-01 00:00:00","swift","3228"
"2015-03-01 00:00:00","assembly","381"
"2015-03-01 00:00:00","c","3907"
"2015-03-01 00:00:00","c#","13224"
"2015-03-01 00:00:00","c++","7365"
"2015-03-01 00:00:00","delphi","409"
"2015-03-01 00:00:00","go","468"
"2015-03-01 00:00:00","java","19679"
"2015-03-01 00:00:00","javascript","20447"
"2015-03-01 00:00:00","perl","638"
"2015-03-01 00:00:00","php","14844"
"2015-03-01 00:00:00","python","11560"
"2015-03-01 00:00:00","r","3554"
"2015-03-01 00:00:00","ruby","2452"
"2015-03-01 00:00:00","swift","3585"
"2015-04-01 00:00:00","assembly","437"
"2015-04-01 00:00:00","c","3944"
"2015-04-01 00:00:00","c#","13050"
"2015-04-01 00:00:00","c++","7123"
"2015-04-01 00:00:00","delphi","388"
"2015-04-01 00:00:00","go","387"
"2015-04-01 00:00:00","java","19726"
"2015-04-01 00:00:00","javascript","20839"
"2015-04-01 00:00:00","perl","574"
"2015-04-01 00:00:00","php","14900"
"2015-04-01 00:00:00","python","11393"
"2015-04-01 00:00:00","r","3320"
"2015-04-01 00:00:00","ruby","2499"
"2015-04-01 00:00:00","swift","4003"
"2015-05-01 00:00:00","assembly","367"
"2015-05-01 00:00:00","c","3513"
"2015-05-01 00:00:00","c#","13321"
"2015-05-01 00:00:00","c++","6796"
"2015-05-01 00:00:00","delphi","400"
"2015-05-01 00:00:00","go","396"
"2015-05-01 00:00:00","java","18478"
"2015-05-01 00:00:00","javascript","22059"
"2015-05-01 00:00:00","perl","527"
"2015-05-01 00:00:00","php","14504"
"2015-05-01 00:00:00","python","11190"
"2015-05-01 00:00:00","r","3417"
"2015-05-01 00:00:00","ruby","2499"
"2015-05-01 00:00:00","swift","3786"
"2015-06-01 00:00:00","assembly","266"
"2015-06-01 00:00:00","c","3159"
"2015-06-01 00:00:00","c#","13490"
"2015-06-01 00:00:00","c++","6503"
"2015-06-01 00:00:00","delphi","388"
"2015-06-01 00:00:00","go","421"
"2015-06-01 00:00:00","java","17783"
"2015-06-01 00:00:00","javascript","22534"
"2015-06-01 00:00:00","perl","569"
"2015-06-01 00:00:00","php","14291"
"2015-06-01 00:00:00","python","11766"
"2015-06-01 00:00:00","r","3416"
"2015-06-01 00:00:00","ruby","2570"
"2015-06-01 00:00:00","swift","4314"
"2015-07-01 00:00:00","assembly","259"
"2015-07-01 00:00:00","c","2804"
"2015-07-01 00:00:00","c#","14073"
"2015-07-01 00:00:00","c++","6687"
"2015-07-01 00:00:00","delphi","385"
"2015-07-01 00:00:00","go","465"
"2015-07-01 00:00:00","java","18613"
"2015-07-01 00:00:00","javascript","23871"
"2015-07-01 00:00:00","perl","578"
"2015-07-01 00:00:00","php","15292"
"2015-07-01 00:00:00","python","12284"
"2015-07-01 00:00:00","r","3979"
"2015-07-01 00:00:00","ruby","2578"
"2015-07-01 00:00:00","swift","5134"
"2015-08-01 00:00:00","assembly","219"
"2015-08-01 00:00:00","c","2568"
"2015-08-01 00:00:00","c#","13197"
"2015-08-01 00:00:00","c++","5860"
"2015-08-01 00:00:00","delphi","385"
"2015-08-01 00:00:00","go","448"
"2015-08-01 00:00:00","java","17034"
"2015-08-01 00:00:00","javascript","22090"
"2015-08-01 00:00:00","perl","552"
"2015-08-01 00:00:00","php","14175"
"2015-08-01 00:00:00","python","11195"
"2015-08-01 00:00:00","r","3492"
"2015-08-01 00:00:00","ruby","2309"
"2015-08-01 00:00:00","swift","5073"
"2015-09-01 00:00:00","assembly","256"
"2015-09-01 00:00:00","c","3080"
"2015-09-01 00:00:00","c#","12899"
"2015-09-01 00:00:00","c++","5902"
"2015-09-01 00:00:00","delphi","358"
"2015-09-01 00:00:00","go","419"
"2015-09-01 00:00:00","java","16889"
"2015-09-01 00:00:00","javascript","21326"
"2015-09-01 00:00:00","perl","464"
"2015-09-01 00:00:00","php","13460"
"2015-09-01 00:00:00","python","10938"
"2015-09-01 00:00:00","r","3322"
"2015-09-01 00:00:00","ruby","2153"
"2015-09-01 00:00:00","swift","4534"
"2015-10-01 00:00:00","assembly","428"
"2015-10-01 00:00:00","c","3670"
"2015-10-01 00:00:00","c#","12766"
"2015-10-01 00:00:00","c++","7030"
"2015-10-01 00:00:00","delphi","421"
"2015-10-01 00:00:00","go","425"
"2015-10-01 00:00:00","java","18478"
"2015-10-01 00:00:00","javascript","21735"
"2015-10-01 00:00:00","perl","495"
"2015-10-01 00:00:00","php","13837"
"2015-10-01 00:00:00","python","12452"
"2015-10-01 00:00:00","r","3671"
"2015-10-01 00:00:00","ruby","2186"
"2015-10-01 00:00:00","swift","4287"
"2015-11-01 00:00:00","assembly","401"
"2015-11-01 00:00:00","c","3603"
"2015-11-01 00:00:00","c#","12340"
"2015-11-01 00:00:00","c++","7073"
"2015-11-01 00:00:00","delphi","388"
"2015-11-01 00:00:00","go","432"
"2015-11-01 00:00:00","java","17702"
"2015-11-01 00:00:00","javascript","21182"
"2015-11-01 00:00:00","perl","463"
"2015-11-01 00:00:00","php","13236"
"2015-11-01 00:00:00","python","12257"
"2015-11-01 00:00:00","r","3531"
"2015-11-01 00:00:00","ruby","1953"
"2015-11-01 00:00:00","swift","4307"
"2015-12-01 00:00:00","assembly","351"
"2015-12-01 00:00:00","c","3082"
"2015-12-01 00:00:00","c#","12105"
"2015-12-01 00:00:00","c++","6544"
"2015-12-01 00:00:00","delphi","315"
"2015-12-01 00:00:00","go","418"
"2015-12-01 00:00:00","java","16486"
"2015-12-01 00:00:00","javascript","21006"
"2015-12-01 00:00:00","perl","477"
"2015-12-01 00:00:00","php","13651"
"2015-12-01 00:00:00","python","11618"
"2015-12-01 00:00:00","r","3176"
"2015-12-01 00:00:00","ruby","2027"
"2015-12-01 00:00:00","swift","4361"
"2016-01-01 00:00:00","assembly","247"
"2016-01-01 00:00:00","c","3034"
"2016-01-01 00:00:00","c#","12328"
"2016-01-01 00:00:00","c++","6088"
"2016-01-01 00:00:00","delphi","318"
"2016-01-01 00:00:00","go","494"
"2016-01-01 00:00:00","java","16560"
"2016-01-01 00:00:00","javascript","22431"
"2016-01-01 00:00:00","perl","445"
"2016-01-01 00:00:00","php","14475"
"2016-01-01 00:00:00","python","12314"
"2016-01-01 00:00:00","r","3528"
"2016-01-01 00:00:00","ruby","2141"
"2016-01-01 00:00:00","swift","4768"
"2016-02-01 00:00:00","assembly","347"
"2016-02-01 00:00:00","c","3267"
"2016-02-01 00:00:00","c#","12695"
"2016-02-01 00:00:00","c++","6537"
"2016-02-01 00:00:00","delphi","355"
"2016-02-01 00:00:00","go","540"
"2016-02-01 00:00:00","java","17780"
"2016-02-01 00:00:00","javascript","22383"
"2016-02-01 00:00:00","perl","500"
"2016-02-01 00:00:00","php","14826"
"2016-02-01 00:00:00","python","13214"
"2016-02-01 00:00:00","r","3576"
"2016-02-01 00:00:00","ruby","2246"
"2016-02-01 00:00:00","swift","4737"
"2016-03-01 00:00:00","assembly","435"
"2016-03-01 00:00:00","c","3431"
"2016-03-01 00:00:00","c#","13557"
"2016-03-01 00:00:00","c++","6996"
"2016-03-01 00:00:00","delphi","338"
"2016-03-01 00:00:00","go","593"
"2016-03-01 00:00:00","java","19795"
"2016-03-01 00:00:00","javascript","23987"
"2016-03-01 00:00:00","perl","467"
"2016-03-01 00:00:00","php","15028"
"2016-03-01 00:00:00","python","14029"
"2016-03-01 00:00:00","r","4037"
"2016-03-01 00:00:00","ruby","2255"
"2016-03-01 00:00:00","swift","5057"
"2016-04-01 00:00:00","assembly","413"
"2016-04-01 00:00:00","c","3347"
"2016-04-01 00:00:00","c#","13664"
"2016-04-01 00:00:00","c++","6872"
"2016-04-01 00:00:00","delphi","325"
"2016-04-01 00:00:00","go","602"
"2016-04-01 00:00:00","java","19397"
"2016-04-01 00:00:00","javascript","23351"
"2016-04-01 00:00:00","perl","492"
"2016-04-01 00:00:00","php","14367"
"2016-04-01 00:00:00","python","13591"
"2016-04-01 00:00:00","r","4116"
"2016-04-01 00:00:00","ruby","2211"
"2016-04-01 00:00:00","swift","4737"
"2016-05-01 00:00:00","assembly","324"
"2016-05-01 00:00:00","c","2714"
"2016-05-01 00:00:00","c#","13453"
"2016-05-01 00:00:00","c++","6113"
"2016-05-01 00:00:00","delphi","337"
"2016-05-01 00:00:00","go","578"
"2016-05-01 00:00:00","java","16937"
"2016-05-01 00:00:00","javascript","22890"
"2016-05-01 00:00:00","perl","485"
"2016-05-01 00:00:00","php","14343"
"2016-05-01 00:00:00","python","13065"
"2016-05-01 00:00:00","r","3789"
"2016-05-01 00:00:00","ruby","2127"
"2016-05-01 00:00:00","swift","4396"
"2016-06-01 00:00:00","assembly","290"
"2016-06-01 00:00:00","c","2292"
"2016-06-01 00:00:00","c#","13015"
"2016-06-01 00:00:00","c++","5694"
"2016-06-01 00:00:00","delphi","281"
"2016-06-01 00:00:00","go","547"
"2016-06-01 00:00:00","java","15864"
"2016-06-01 00:00:00","javascript","22059"
"2016-06-01 00:00:00","perl","434"
"2016-06-01 00:00:00","php","13545"
"2016-06-01 00:00:00","python","12869"
"2016-06-01 00:00:00","r","3855"
"2016-06-01 00:00:00","ruby","2100"
"2016-06-01 00:00:00","swift","4780"
"2016-07-01 00:00:00","assembly","202"
"2016-07-01 00:00:00","c","2341"
"2016-07-01 00:00:00","c#","11943"
"2016-07-01 00:00:00","c++","5447"
"2016-07-01 00:00:00","delphi","242"
"2016-07-01 00:00:00","go","536"
"2016-07-01 00:00:00","java","14880"
"2016-07-01 00:00:00","javascript","22095"
"2016-07-01 00:00:00","perl","413"
"2016-07-01 00:00:00","php","12834"
"2016-07-01 00:00:00","python","12774"
"2016-07-01 00:00:00","r","3741"
"2016-07-01 00:00:00","ruby","1895"
"2016-07-01 00:00:00","swift","4915"
"2016-08-01 00:00:00","assembly","256"
"2016-08-01 00:00:00","c","2201"
"2016-08-01 00:00:00","c#","12683"
"2016-08-01 00:00:00","c++","5003"
"2016-08-01 00:00:00","delphi","337"
"2016-08-01 00:00:00","go","569"
"2016-08-01 00:00:00","java","15133"
"2016-08-01 00:00:00","javascript","22571"
"2016-08-01 00:00:00","perl","460"
"2016-08-01 00:00:00","php","12824"
"2016-08-01 00:00:00","python","12877"
"2016-08-01 00:00:00","r","3778"
"2016-08-01 00:00:00","ruby","1872"
"2016-08-01 00:00:00","swift","4887"
"2016-09-01 00:00:00","assembly","335"
"2016-09-01 00:00:00","c","2499"
"2016-09-01 00:00:00","c#","11061"
"2016-09-01 00:00:00","c++","5125"
"2016-09-01 00:00:00","delphi","287"
"2016-09-01 00:00:00","go","510"
"2016-09-01 00:00:00","java","14588"
"2016-09-01 00:00:00","javascript","20345"
"2016-09-01 00:00:00","perl","461"
"2016-09-01 00:00:00","php","12051"
"2016-09-01 00:00:00","python","12296"
"2016-09-01 00:00:00","r","3299"
"2016-09-01 00:00:00","ruby","1920"
"2016-09-01 00:00:00","swift","4840"
"2016-10-01 00:00:00","assembly","396"
"2016-10-01 00:00:00","c","3197"
"2016-10-01 00:00:00","c#","11424"
"2016-10-01 00:00:00","c++","5953"
"2016-10-01 00:00:00","delphi","268"
"2016-10-01 00:00:00","go","530"
"2016-10-01 00:00:00","java","15268"
"2016-10-01 00:00:00","javascript","20372"
"2016-10-01 00:00:00","perl","400"
"2016-10-01 00:00:00","php","12185"
"2016-10-01 00:00:00","python","13464"
"2016-10-01 00:00:00","r","3773"
"2016-10-01 00:00:00","ruby","1816"
"2016-10-01 00:00:00","swift","4720"
"2016-11-01 00:00:00","assembly","411"
"2016-11-01 00:00:00","c","3256"
"2016-11-01 00:00:00","c#","11631"
"2016-11-01 00:00:00","c++","6052"
"2016-11-01 00:00:00","delphi","275"
"2016-11-01 00:00:00","go","476"
"2016-11-01 00:00:00","java","15615"
"2016-11-01 00:00:00","javascript","20449"
"2016-11-01 00:00:00","perl","367"
"2016-11-01 00:00:00","php","11912"
"2016-11-01 00:00:00","python","14138"
"2016-11-01 00:00:00","r","3550"
"2016-11-01 00:00:00","ruby","1753"
"2016-11-01 00:00:00","swift","4356"
"2016-12-01 00:00:00","assembly","310"
"2016-12-01 00:00:00","c","2791"
"2016-12-01 00:00:00","c#","10656"
"2016-12-01 00:00:00","c++","5208"
"2016-12-01 00:00:00","delphi","253"
"2016-12-01 00:00:00","go","494"
"2016-12-01 00:00:00","java","13797"
"2016-12-01 00:00:00","javascript","19745"
"2016-12-01 00:00:00","perl","336"
"2016-12-01 00:00:00","php","11425"
"2016-12-01 00:00:00","python","12998"
"2016-12-01 00:00:00","r","3145"
"2016-12-01 00:00:00","ruby","1625"
"2016-12-01 00:00:00","swift","3922"
"2017-01-01 00:00:00","assembly","306"
"2017-01-01 00:00:00","c","2752"
"2017-01-01 00:00:00","c#","11666"
"2017-01-01 00:00:00","c++","5633"
"2017-01-01 00:00:00","delphi","285"
"2017-01-01 00:00:00","go","558"
"2017-01-01 00:00:00","java","14512"
"2017-01-01 00:00:00","javascript","21345"
"2017-01-01 00:00:00","perl","323"
"2017-01-01 00:00:00","php","12553"
"2017-01-01 00:00:00","python","14226"
"2017-01-01 00:00:00","r","3483"
"2017-01-01 00:00:00","ruby","1820"
"2017-01-01 00:00:00","swift","4330"
"2017-02-01 00:00:00","assembly","301"
"2017-02-01 00:00:00","c","2718"
"2017-02-01 00:00:00","c#","11453"
"2017-02-01 00:00:00","c++","5148"
"2017-02-01 00:00:00","delphi","304"
"2017-02-01 00:00:00","go","551"
"2017-02-01 00:00:00","java","14516"
"2017-02-01 00:00:00","javascript","21141"
"2017-02-01 00:00:00","perl","398"
"2017-02-01 00:00:00","php","12431"
"2017-02-01 00:00:00","python","14734"
"2017-02-01 00:00:00","r","3669"
"2017-02-01 00:00:00","ruby","1620"
"2017-02-01 00:00:00","swift","4045"
"2017-03-01 00:00:00","assembly","368"
"2017-03-01 00:00:00","c","2955"
"2017-03-01 00:00:00","c#","12958"
"2017-03-01 00:00:00","c++","6207"
"2017-03-01 00:00:00","delphi","303"
"2017-03-01 00:00:00","go","650"
"2017-03-01 00:00:00","java","17256"
"2017-03-01 00:00:00","javascript","23639"
"2017-03-01 00:00:00","perl","409"
"2017-03-01 00:00:00","php","13963"
"2017-03-01 00:00:00","python","17066"
"2017-03-01 00:00:00","r","4601"
"2017-03-01 00:00:00","ruby","1788"
"2017-03-01 00:00:00","swift","4605"
"2017-04-01 00:00:00","assembly","315"
"2017-04-01 00:00:00","c","2842"
"2017-04-01 00:00:00","c#","11064"
"2017-04-01 00:00:00","c++","5857"
"2017-04-01 00:00:00","delphi","263"
"2017-04-01 00:00:00","go","506"
"2017-04-01 00:00:00","java","15867"
"2017-04-01 00:00:00","javascript","21179"
"2017-04-01 00:00:00","perl","369"
"2017-04-01 00:00:00","php","12344"
"2017-04-01 00:00:00","python","15600"
"2017-04-01 00:00:00","r","4251"
"2017-04-01 00:00:00","ruby","1483"
"2017-04-01 00:00:00","swift","3904"
"2017-05-01 00:00:00","assembly","346"
"2017-05-01 00:00:00","c","2738"
"2017-05-01 00:00:00","c#","11950"
"2017-05-01 00:00:00","c++","5287"
"2017-05-01 00:00:00","delphi","316"
"2017-05-01 00:00:00","go","582"
"2017-05-01 00:00:00","java","16292"
"2017-05-01 00:00:00","javascript","22335"
"2017-05-01 00:00:00","perl","354"
"2017-05-01 00:00:00","php","12986"
"2017-05-01 00:00:00","python","16133"
"2017-05-01 00:00:00","r","4307"
"2017-05-01 00:00:00","ruby","1516"
"2017-05-01 00:00:00","swift","4086"
"2017-06-01 00:00:00","assembly","239"
"2017-06-01 00:00:00","c","2339"
"2017-06-01 00:00:00","c#","11274"
"2017-06-01 00:00:00","c++","4664"
"2017-06-01 00:00:00","delphi","245"
"2017-06-01 00:00:00","go","572"
"2017-06-01 00:00:00","java","14580"
"2017-06-01 00:00:00","javascript","21527"
"2017-06-01 00:00:00","perl","312"
"2017-06-01 00:00:00","php","11686"
"2017-06-01 00:00:00","python","15960"
"2017-06-01 00:00:00","r","4438"
"2017-06-01 00:00:00","ruby","1412"
"2017-06-01 00:00:00","swift","4188"
"2017-07-01 00:00:00","assembly","220"
"2017-07-01 00:00:00","c","2036"
"2017-07-01 00:00:00","c#","11176"
"2017-07-01 00:00:00","c++","5006"
"2017-07-01 00:00:00","delphi","206"
"2017-07-01 00:00:00","go","653"
"2017-07-01 00:00:00","java","14078"
"2017-07-01 00:00:00","javascript","21545"
"2017-07-01 00:00:00","perl","322"
"2017-07-01 00:00:00","php","11696"
"2017-07-01 00:00:00","python","16857"
"2017-07-01 00:00:00","r","4570"
"2017-07-01 00:00:00","ruby","1520"
"2017-07-01 00:00:00","swift","4344"
"2017-08-01 00:00:00","assembly","215"
"2017-08-01 00:00:00","c","2037"
"2017-08-01 00:00:00","c#","10929"
"2017-08-01 00:00:00","c++","4772"
"2017-08-01 00:00:00","delphi","289"
"2017-08-01 00:00:00","go","605"
"2017-08-01 00:00:00","java","13714"
"2017-08-01 00:00:00","javascript","21283"
"2017-08-01 00:00:00","perl","355"
"2017-08-01 00:00:00","php","11577"
"2017-08-01 00:00:00","python","16446"
"2017-08-01 00:00:00","r","4557"
"2017-08-01 00:00:00","ruby","1391"
"2017-08-01 00:00:00","swift","4167"
"2017-09-01 00:00:00","assembly","229"
"2017-09-01 00:00:00","c","2092"
"2017-09-01 00:00:00","c#","9847"
"2017-09-01 00:00:00","c++","4453"
"2017-09-01 00:00:00","delphi","260"
"2017-09-01 00:00:00","go","542"
"2017-09-01 00:00:00","java","12715"
"2017-09-01 00:00:00","javascript","18923"
"2017-09-01 00:00:00","perl","296"
"2017-09-01 00:00:00","php","10643"
"2017-09-01 00:00:00","python","15401"
"2017-09-01 00:00:00","r","4214"
"2017-09-01 00:00:00","ruby","1220"
"2017-09-01 00:00:00","swift","3754"
"2017-10-01 00:00:00","assembly","329"
"2017-10-01 00:00:00","c","2769"
"2017-10-01 00:00:00","c#","10191"
"2017-10-01 00:00:00","c++","5203"
"2017-10-01 00:00:00","delphi","221"
"2017-10-01 00:00:00","go","614"
"2017-10-01 00:00:00","java","13963"
"2017-10-01 00:00:00","javascript","19778"
"2017-10-01 00:00:00","perl","333"
"2017-10-01 00:00:00","php","10769"
"2017-10-01 00:00:00","python","16889"
"2017-10-01 00:00:00","r","4532"
"2017-10-01 00:00:00","ruby","1295"
"2017-10-01 00:00:00","swift","3885"
"2017-11-01 00:00:00","assembly","384"
"2017-11-01 00:00:00","c","2939"
"2017-11-01 00:00:00","c#","9758"
"2017-11-01 00:00:00","c++","5020"
"2017-11-01 00:00:00","delphi","199"
"2017-11-01 00:00:00","go","654"
"2017-11-01 00:00:00","java","14125"
"2017-11-01 00:00:00","javascript","19348"
"2017-11-01 00:00:00","perl","264"
"2017-11-01 00:00:00","php","10539"
"2017-11-01 00:00:00","python","16906"
"2017-11-01 00:00:00","r","4498"
"2017-11-01 00:00:00","ruby","1171"
"2017-11-01 00:00:00","swift","3661"
"2017-12-01 00:00:00","assembly","247"
"2017-12-01 00:00:00","c","2190"
"2017-12-01 00:00:00","c#","8568"
"2017-12-01 00:00:00","c++","4445"
"2017-12-01 00:00:00","delphi","186"
"2017-12-01 00:00:00","go","522"
"2017-12-01 00:00:00","java","11937"
"2017-12-01 00:00:00","javascript","16911"
"2017-12-01 00:00:00","perl","237"
"2017-12-01 00:00:00","php","9078"
"2017-12-01 00:00:00","python","14874"
"2017-12-01 00:00:00","r","3709"
"2017-12-01 00:00:00","ruby","1016"
"2017-12-01 00:00:00","swift","3196"
"2018-01-01 00:00:00","assembly","252"
"2018-01-01 00:00:00","c","2206"
"2018-01-01 00:00:00","c#","9346"
"2018-01-01 00:00:00","c++","4732"
"2018-01-01 00:00:00","delphi","195"
"2018-01-01 00:00:00","go","541"
"2018-01-01 00:00:00","java","12309"
"2018-01-01 00:00:00","javascript","18835"
"2018-01-01 00:00:00","perl","245"
"2018-01-01 00:00:00","php","10055"
"2018-01-01 00:00:00","python","16180"
"2018-01-01 00:00:00","r","4194"
"2018-01-01 00:00:00","ruby","1160"
"2018-01-01 00:00:00","swift","3735"
"2018-02-01 00:00:00","assembly","281"
"2018-02-01 00:00:00","c","2138"
"2018-02-01 00:00:00","c#","8559"
"2018-02-01 00:00:00","c++","4563"
"2018-02-01 00:00:00","delphi","212"
"2018-02-01 00:00:00","go","581"
"2018-02-01 00:00:00","java","12003"
"2018-02-01 00:00:00","javascript","17187"
"2018-02-01 00:00:00","perl","230"
"2018-02-01 00:00:00","php","9090"
"2018-02-01 00:00:00","python","16267"
"2018-02-01 00:00:00","r","4494"
"2018-02-01 00:00:00","ruby","1029"
"2018-02-01 00:00:00","swift","3395"
"2018-03-01 00:00:00","assembly","317"
"2018-03-01 00:00:00","c","2459"
"2018-03-01 00:00:00","c#","9762"
"2018-03-01 00:00:00","c++","5166"
"2018-03-01 00:00:00","delphi","218"
"2018-03-01 00:00:00","go","603"
"2018-03-01 00:00:00","java","13521"
"2018-03-01 00:00:00","javascript","19089"
"2018-03-01 00:00:00","perl","288"
"2018-03-01 00:00:00","php","9798"
"2018-03-01 00:00:00","python","17857"
"2018-03-01 00:00:00","r","5097"
"2018-03-01 00:00:00","ruby","1059"
"2018-03-01 00:00:00","swift","4038"
"2018-04-01 00:00:00","assembly","320"
"2018-04-01 00:00:00","c","2179"
"2018-04-01 00:00:00","c#","9206"
"2018-04-01 00:00:00","c++","4654"
"2018-04-01 00:00:00","delphi","202"
"2018-04-01 00:00:00","go","616"
"2018-04-01 00:00:00","java","13447"
"2018-04-01 00:00:00","javascript","17910"
"2018-04-01 00:00:00","perl","253"
"2018-04-01 00:00:00","php","8901"
"2018-04-01 00:00:00","python","16919"
"2018-04-01 00:00:00","r","4723"
"2018-04-01 00:00:00","ruby","985"
"2018-04-01 00:00:00","swift","3560"
"2018-05-01 00:00:00","assembly","296"
"2018-05-01 00:00:00","c","2359"
"2018-05-01 00:00:00","c#","9898"
"2018-05-01 00:00:00","c++","4677"
"2018-05-01 00:00:00","delphi","193"
"2018-05-01 00:00:00","go","630"
"2018-05-01 00:00:00","java","13430"
"2018-05-01 00:00:00","javascript","18022"
"2018-05-01 00:00:00","perl","242"
"2018-05-01 00:00:00","php","9424"
"2018-05-01 00:00:00","python","17529"
"2018-05-01 00:00:00","r","4726"
"2018-05-01 00:00:00","ruby","1032"
"2018-05-01 00:00:00","swift","3608"
"2018-06-01 00:00:00","assembly","203"
"2018-06-01 00:00:00","c","1828"
"2018-06-01 00:00:00","c#","8763"
"2018-06-01 00:00:00","c++","4084"
"2018-06-01 00:00:00","delphi","186"
"2018-06-01 00:00:00","go","672"
"2018-06-01 00:00:00","java","11756"
"2018-06-01 00:00:00","javascript","17142"
"2018-06-01 00:00:00","perl","238"
"2018-06-01 00:00:00","php","8399"
"2018-06-01 00:00:00","python","16760"
"2018-06-01 00:00:00","r","4476"
"2018-06-01 00:00:00","ruby","989"
"2018-06-01 00:00:00","swift","3128"
"2018-07-01 00:00:00","assembly","182"
"2018-07-01 00:00:00","c","1595"
"2018-07-01 00:00:00","c#","9379"
"2018-07-01 00:00:00","c++","3901"
"2018-07-01 00:00:00","delphi","206"
"2018-07-01 00:00:00","go","685"
"2018-07-01 00:00:00","java","11704"
"2018-07-01 00:00:00","javascript","17765"
"2018-07-01 00:00:00","perl","246"
"2018-07-01 00:00:00","php","8519"
"2018-07-01 00:00:00","python","17892"
"2018-07-01 00:00:00","r","4401"
"2018-07-01 00:00:00","ruby","940"
"2018-07-01 00:00:00","swift","3658"
"2018-08-01 00:00:00","assembly","176"
"2018-08-01 00:00:00","c","1672"
"2018-08-01 00:00:00","c#","9455"
"2018-08-01 00:00:00","c++","3890"
"2018-08-01 00:00:00","delphi","204"
"2018-08-01 00:00:00","go","704"
"2018-08-01 00:00:00","java","11273"
"2018-08-01 00:00:00","javascript","17808"
"2018-08-01 00:00:00","perl","227"
"2018-08-01 00:00:00","php","8463"
"2018-08-01 00:00:00","python","17700"
"2018-08-01 00:00:00","r","4099"
"2018-08-01 00:00:00","ruby","874"
"2018-08-01 00:00:00","swift","3561"
"2018-09-01 00:00:00","assembly","256"
"2018-09-01 00:00:00","c","1828"
"2018-09-01 00:00:00","c#","8336"
"2018-09-01 00:00:00","c++","3730"
"2018-09-01 00:00:00","delphi","181"
"2018-09-01 00:00:00","go","670"
"2018-09-01 00:00:00","java","10684"
"2018-09-01 00:00:00","javascript","15964"
"2018-09-01 00:00:00","perl","205"
"2018-09-01 00:00:00","php","7647"
"2018-09-01 00:00:00","python","15977"
"2018-09-01 00:00:00","r","3748"
"2018-09-01 00:00:00","ruby","774"
"2018-09-01 00:00:00","swift","3133"
"2018-10-01 00:00:00","assembly","319"
"2018-10-01 00:00:00","c","2437"
"2018-10-01 00:00:00","c#","9311"
"2018-10-01 00:00:00","c++","4291"
"2018-10-01 00:00:00","delphi","221"
"2018-10-01 00:00:00","go","788"
"2018-10-01 00:00:00","java","12459"
"2018-10-01 00:00:00","javascript","17350"
"2018-10-01 00:00:00","perl","277"
"2018-10-01 00:00:00","php","8113"
"2018-10-01 00:00:00","python","18099"
"2018-10-01 00:00:00","r","4347"
"2018-10-01 00:00:00","ruby","894"
"2018-10-01 00:00:00","swift","3262"
"2018-11-01 00:00:00","assembly","301"
"2018-11-01 00:00:00","c","2514"
"2018-11-01 00:00:00","c#","8448"
"2018-11-01 00:00:00","c++","4329"
"2018-11-01 00:00:00","delphi","179"
"2018-11-01 00:00:00","go","716"
"2018-11-01 00:00:00","java","11662"
"2018-11-01 00:00:00","javascript","16131"
"2018-11-01 00:00:00","perl","234"
"2018-11-01 00:00:00","php","7055"
"2018-11-01 00:00:00","python","17964"
"2018-11-01 00:00:00","r","4216"
"2018-11-01 00:00:00","ruby","833"
"2018-11-01 00:00:00","swift","2972"
"2018-12-01 00:00:00","assembly","218"
"2018-12-01 00:00:00","c","2186"
"2018-12-01 00:00:00","c#","7519"
"2018-12-01 00:00:00","c++","3542"
"2018-12-01 00:00:00","delphi","174"
"2018-12-01 00:00:00","go","656"
"2018-12-01 00:00:00","java","10405"
"2018-12-01 00:00:00","javascript","14223"
"2018-12-01 00:00:00","perl","218"
"2018-12-01 00:00:00","php","6198"
"2018-12-01 00:00:00","python","15680"
"2018-12-01 00:00:00","r","3393"
"2018-12-01 00:00:00","ruby","806"
"2018-12-01 00:00:00","swift","2775"
"2019-01-01 00:00:00","assembly","218"
"2019-01-01 00:00:00","c","2273"
"2019-01-01 00:00:00","c#","8721"
"2019-01-01 00:00:00","c++","3896"
"2019-01-01 00:00:00","delphi","214"
"2019-01-01 00:00:00","go","651"
"2019-01-01 00:00:00","java","10987"
"2019-01-01 00:00:00","javascript","15980"
"2019-01-01 00:00:00","perl","262"
"2019-01-01 00:00:00","php","7136"
"2019-01-01 00:00:00","python","16900"
"2019-01-01 00:00:00","r","3938"
"2019-01-01 00:00:00","ruby","915"
"2019-01-01 00:00:00","swift","2895"
"2019-02-01 00:00:00","assembly","224"
"2019-02-01 00:00:00","c","2045"
"2019-02-01 00:00:00","c#","8322"
"2019-02-01 00:00:00","c++","3718"
"2019-02-01 00:00:00","delphi","190"
"2019-02-01 00:00:00","go","624"
"2019-02-01 00:00:00","java","10951"
"2019-02-01 00:00:00","javascript","15636"
"2019-02-01 00:00:00","perl","250"
"2019-02-01 00:00:00","php","7244"
"2019-02-01 00:00:00","python","17482"
"2019-02-01 00:00:00","r","4238"
"2019-02-01 00:00:00","ruby","784"
"2019-02-01 00:00:00","swift","2670"
"2019-03-01 00:00:00","assembly","276"
"2019-03-01 00:00:00","c","2373"
"2019-03-01 00:00:00","c#","8929"
"2019-03-01 00:00:00","c++","4410"
"2019-03-01 00:00:00","delphi","184"
"2019-03-01 00:00:00","go","720"
"2019-03-01 00:00:00","java","11995"
"2019-03-01 00:00:00","javascript","17277"
"2019-03-01 00:00:00","perl","231"
"2019-03-01 00:00:00","php","7750"
"2019-03-01 00:00:00","python","19842"
"2019-03-01 00:00:00","r","4481"
"2019-03-01 00:00:00","ruby","840"
"2019-03-01 00:00:00","swift","2936"
"2019-04-01 00:00:00","assembly","303"
"2019-04-01 00:00:00","c","2420"
"2019-04-01 00:00:00","c#","9075"
"2019-04-01 00:00:00","c++","4363"
"2019-04-01 00:00:00","delphi","203"
"2019-04-01 00:00:00","go","648"
"2019-04-01 00:00:00","java","11121"
"2019-04-01 00:00:00","javascript","16110"
"2019-04-01 00:00:00","perl","205"
"2019-04-01 00:00:00","php","7153"
"2019-04-01 00:00:00","python","19769"
"2019-04-01 00:00:00","r","4591"
"2019-04-01 00:00:00","ruby","767"
"2019-04-01 00:00:00","swift","3059"
"2019-05-01 00:00:00","assembly","234"
"2019-05-01 00:00:00","c","2085"
"2019-05-01 00:00:00","c#","8997"
"2019-05-01 00:00:00","c++","4114"
"2019-05-01 00:00:00","delphi","169"
"2019-05-01 00:00:00","go","671"
"2019-05-01 00:00:00","java","11035"
"2019-05-01 00:00:00","javascript","16085"
"2019-05-01 00:00:00","perl","221"
"2019-05-01 00:00:00","php","6926"
"2019-05-01 00:00:00","python","18842"
"2019-05-01 00:00:00","r","4293"
"2019-05-01 00:00:00","ruby","760"
"2019-05-01 00:00:00","swift","3092"
"2019-06-01 00:00:00","assembly","199"
"2019-06-01 00:00:00","c","1720"
"2019-06-01 00:00:00","c#","7573"
"2019-06-01 00:00:00","c++","3629"
"2019-06-01 00:00:00","delphi","134"
"2019-06-01 00:00:00","go","524"
"2019-06-01 00:00:00","java","9591"
"2019-06-01 00:00:00","javascript","14758"
"2019-06-01 00:00:00","perl","235"
"2019-06-01 00:00:00","php","5986"
"2019-06-01 00:00:00","python","17171"
"2019-06-01 00:00:00","r","3941"
"2019-06-01 00:00:00","ruby","702"
"2019-06-01 00:00:00","swift","3077"
"2019-07-01 00:00:00","assembly","187"
"2019-07-01 00:00:00","c","1745"
"2019-07-01 00:00:00","c#","8415"
"2019-07-01 00:00:00","c++","4252"
"2019-07-01 00:00:00","delphi","164"
"2019-07-01 00:00:00","go","623"
"2019-07-01 00:00:00","java","10787"
"2019-07-01 00:00:00","javascript","16079"
"2019-07-01 00:00:00","perl","236"
"2019-07-01 00:00:00","php","6632"
"2019-07-01 00:00:00","python","19683"
"2019-07-01 00:00:00","r","4191"
"2019-07-01 00:00:00","ruby","757"
"2019-07-01 00:00:00","swift","3029"
"2019-08-01 00:00:00","assembly","166"
"2019-08-01 00:00:00","c","1543"
"2019-08-01 00:00:00","c#","7683"
"2019-08-01 00:00:00","c++","3274"
"2019-08-01 00:00:00","delphi","174"
"2019-08-01 00:00:00","go","628"
"2019-08-01 00:00:00","java","9050"
"2019-08-01 00:00:00","javascript","15165"
"2019-08-01 00:00:00","perl","192"
"2019-08-01 00:00:00","php","5817"
"2019-08-01 00:00:00","python","17975"
"2019-08-01 00:00:00","r","3947"
"2019-08-01 00:00:00","ruby","776"
"2019-08-01 00:00:00","swift","2528"
"2019-09-01 00:00:00","assembly","221"
"2019-09-01 00:00:00","c","1997"
"2019-09-01 00:00:00","c#","7817"
"2019-09-01 00:00:00","c++","3766"
"2019-09-01 00:00:00","delphi","145"
"2019-09-01 00:00:00","go","617"
"2019-09-01 00:00:00","java","9628"
"2019-09-01 00:00:00","javascript","14814"
"2019-09-01 00:00:00","perl","199"
"2019-09-01 00:00:00","php","5541"
"2019-09-01 00:00:00","python","16832"
"2019-09-01 00:00:00","r","3933"
"2019-09-01 00:00:00","ruby","715"
"2019-09-01 00:00:00","swift","2556"
"2019-10-01 00:00:00","assembly","316"
"2019-10-01 00:00:00","c","2470"
"2019-10-01 00:00:00","c#","8381"
"2019-10-01 00:00:00","c++","4820"
"2019-10-01 00:00:00","delphi","153"
"2019-10-01 00:00:00","go","632"
"2019-10-01 00:00:00","java","11156"
"2019-10-01 00:00:00","javascript","15918"
"2019-10-01 00:00:00","perl","208"
"2019-10-01 00:00:00","php","6035"
"2019-10-01 00:00:00","python","20381"
"2019-10-01 00:00:00","r","4375"
"2019-10-01 00:00:00","ruby","847"
"2019-10-01 00:00:00","swift","3102"
"2019-11-01 00:00:00","assembly","281"
"2019-11-01 00:00:00","c","2501"
"2019-11-01 00:00:00","c#","7995"
"2019-11-01 00:00:00","c++","4709"
"2019-11-01 00:00:00","delphi","170"
"2019-11-01 00:00:00","go","600"
"2019-11-01 00:00:00","java","10274"
"2019-11-01 00:00:00","javascript","15684"
"2019-11-01 00:00:00","perl","219"
"2019-11-01 00:00:00","php","6083"
"2019-11-01 00:00:00","python","20533"
"2019-11-01 00:00:00","r","4278"
"2019-11-01 00:00:00","ruby","684"
"2019-11-01 00:00:00","swift","2857"
"2019-12-01 00:00:00","assembly","248"
"2019-12-01 00:00:00","c","2138"
"2019-12-01 00:00:00","c#","7181"
"2019-12-01 00:00:00","c++","4179"
"2019-12-01 00:00:00","delphi","125"
"2019-12-01 00:00:00","go","612"
"2019-12-01 00:00:00","java","8976"
"2019-12-01 00:00:00","javascript","14251"
"2019-12-01 00:00:00","perl","157"
"2019-12-01 00:00:00","php","5222"
"2019-12-01 00:00:00","python","18041"
"2019-12-01 00:00:00","r","3737"
"2019-12-01 00:00:00","ruby","667"
"2019-12-01 00:00:00","swift","2653"
"2020-01-01 00:00:00","assembly","228"
"2020-01-01 00:00:00","c","2043"
"2020-01-01 00:00:00","c#","7769"
"2020-01-01 00:00:00","c++","4209"
"2020-01-01 00:00:00","delphi","163"
"2020-01-01 00:00:00","go","646"
"2020-01-01 00:00:00","java","9890"
"2020-01-01 00:00:00","javascript","15960"
"2020-01-01 00:00:00","perl","165"
"2020-01-01 00:00:00","php","5884"
"2020-01-01 00:00:00","python","19891"
"2020-01-01 00:00:00","r","4133"
"2020-01-01 00:00:00","ruby","761"
"2020-01-01 00:00:00","swift","2887"
"2020-02-01 00:00:00","assembly","270"
"2020-02-01 00:00:00","c","1975"
"2020-02-01 00:00:00","c#","7681"
"2020-02-01 00:00:00","c++","4060"
"2020-02-01 00:00:00","delphi","156"
"2020-02-01 00:00:00","go","658"
"2020-02-01 00:00:00","java","9995"
"2020-02-01 00:00:00","javascript","15680"
"2020-02-01 00:00:00","perl","178"
"2020-02-01 00:00:00","php","5649"
"2020-02-01 00:00:00","python","19947"
"2020-02-01 00:00:00","r","4668"
"2020-02-01 00:00:00","ruby","652"
"2020-02-01 00:00:00","swift","2751"
"2020-03-01 00:00:00","assembly","293"
"2020-03-01 00:00:00","c","2473"
"2020-03-01 00:00:00","c#","7763"
"2020-03-01 00:00:00","c++","4624"
"2020-03-01 00:00:00","delphi","166"
"2020-03-01 00:00:00","go","651"
"2020-03-01 00:00:00","java","11019"
"2020-03-01 00:00:00","javascript","17494"
"2020-03-01 00:00:00","perl","196"
"2020-03-01 00:00:00","php","5651"
"2020-03-01 00:00:00","python","22573"
"2020-03-01 00:00:00","r","5113"
"2020-03-01 00:00:00","ruby","710"
"2020-03-01 00:00:00","swift","2903"
"2020-04-01 00:00:00","assembly","377"
"2020-04-01 00:00:00","c","3237"
"2020-04-01 00:00:00","c#","8554"
"2020-04-01 00:00:00","c++","6183"
"2020-04-01 00:00:00","delphi","231"
"2020-04-01 00:00:00","go","793"
"2020-04-01 00:00:00","java","12556"
"2020-04-01 00:00:00","javascript","20801"
"2020-04-01 00:00:00","perl","219"
"2020-04-01 00:00:00","php","6598"
"2020-04-01 00:00:00","python","27509"
"2020-04-01 00:00:00","r","6175"
"2020-04-01 00:00:00","ruby","764"
"2020-04-01 00:00:00","swift","3433"
"2020-05-01 00:00:00","assembly","357"
"2020-05-01 00:00:00","c","3355"
"2020-05-01 00:00:00","c#","8563"
"2020-05-01 00:00:00","c++","6375"
"2020-05-01 00:00:00","delphi","201"
"2020-05-01 00:00:00","go","750"
"2020-05-01 00:00:00","java","11967"
"2020-05-01 00:00:00","javascript","21411"
"2020-05-01 00:00:00","perl","212"
"2020-05-01 00:00:00","php","6494"
"2020-05-01 00:00:00","python","29329"
"2020-05-01 00:00:00","r","6012"
"2020-05-01 00:00:00","ruby","695"
"2020-05-01 00:00:00","swift","3500"
"2020-06-01 00:00:00","assembly","327"
"2020-06-01 00:00:00","c","2581"
"2020-06-01 00:00:00","c#","7872"
"2020-06-01 00:00:00","c++","5599"
"2020-06-01 00:00:00","delphi","202"
"2020-06-01 00:00:00","go","705"
"2020-06-01 00:00:00","java","10776"
"2020-06-01 00:00:00","javascript","19711"
"2020-06-01 00:00:00","perl","198"
"2020-06-01 00:00:00","php","5906"
"2020-06-01 00:00:00","python","27009"
"2020-06-01 00:00:00","r","5433"
"2020-06-01 00:00:00","ruby","611"
"2020-06-01 00:00:00","swift","3146"
"2020-07-01 00:00:00","assembly","269"
"2020-07-01 00:00:00","c","2089"
"2020-07-01 00:00:00","c#","7776"
"2020-07-01 00:00:00","c++","5148"
"2020-07-01 00:00:00","delphi","193"
"2020-07-01 00:00:00","go","639"
"2020-07-01 00:00:00","java","10400"
"2020-07-01 00:00:00","javascript","19792"
"2020-07-01 00:00:00","perl","176"
"2020-07-01 00:00:00","php","5926"
"2020-07-01 00:00:00","python","26197"
"2020-07-01 00:00:00","r","4935"
"2020-07-01 00:00:00","ruby","695"
"2020-07-01 00:00:00","swift","2979"
"2020-08-01 00:00:00","assembly","264"
"2020-08-01 00:00:00","c","1888"
"2020-08-01 00:00:00","c#","7042"
"2020-08-01 00:00:00","c++","4758"
"2020-08-01 00:00:00","delphi","183"
"2020-08-01 00:00:00","go","704"
"2020-08-01 00:00:00","java","9266"
"2020-08-01 00:00:00","javascript","17951"
"2020-08-01 00:00:00","perl","192"
"2020-08-01 00:00:00","php","4974"
"2020-08-01 00:00:00","python","22939"
"2020-08-01 00:00:00","r","4489"
"2020-08-01 00:00:00","ruby","553"
"2020-08-01 00:00:00","swift","2672"
"2020-09-01 00:00:00","assembly","294"
"2020-09-01 00:00:00","c","2141"
"2020-09-01 00:00:00","c#","6432"
"2020-09-01 00:00:00","c++","3904"
"2020-09-01 00:00:00","delphi","172"
"2020-09-01 00:00:00","go","727"
"2020-09-01 00:00:00","java","8900"
"2020-09-01 00:00:00","javascript","16703"
"2020-09-01 00:00:00","perl","166"
"2020-09-01 00:00:00","php","4756"
"2020-09-01 00:00:00","python","21642"
"2020-09-01 00:00:00","r","4749"
"2020-09-01 00:00:00","ruby","512"
"2020-09-01 00:00:00","swift","2546"
"2020-10-01 00:00:00","assembly","343"
"2020-10-01 00:00:00","c","2360"
"2020-10-01 00:00:00","c#","6169"
"2020-10-01 00:00:00","c++","4306"
"2020-10-01 00:00:00","delphi","180"
"2020-10-01 00:00:00","go","589"
"2020-10-01 00:00:00","java","8895"
"2020-10-01 00:00:00","javascript","16353"
"2020-10-01 00:00:00","perl","170"
"2020-10-01 00:00:00","php","4566"
"2020-10-01 00:00:00","python","22700"
"2020-10-01 00:00:00","r","5062"
"2020-10-01 00:00:00","ruby","491"
"2020-10-01 00:00:00","swift","2310"
"2020-11-01 00:00:00","assembly","374"
"2020-11-01 00:00:00","c","2683"
"2020-11-01 00:00:00","c#","5957"
"2020-11-01 00:00:00","c++","4296"
"2020-11-01 00:00:00","delphi","193"
"2020-11-01 00:00:00","go","523"
"2020-11-01 00:00:00","java","8439"
"2020-11-01 00:00:00","javascript","15443"
"2020-11-01 00:00:00","perl","150"
"2020-11-01 00:00:00","php","4600"
"2020-11-01 00:00:00","python","22063"
"2020-11-01 00:00:00","r","4797"
"2020-11-01 00:00:00","ruby","500"
"2020-11-01 00:00:00","swift","2152"
"2020-12-01 00:00:00","assembly","297"
"2020-12-01 00:00:00","c","2633"
"2020-12-01 00:00:00","c#","5715"
"2020-12-01 00:00:00","c++","4435"
"2020-12-01 00:00:00","delphi","190"
"2020-12-01 00:00:00","go","534"
"2020-12-01 00:00:00","java","7768"
"2020-12-01 00:00:00","javascript","15932"
"2020-12-01 00:00:00","perl","131"
"2020-12-01 00:00:00","php","4778"
"2020-12-01 00:00:00","python","22077"
"2020-12-01 00:00:00","r","4330"
"2020-12-01 00:00:00","ruby","498"
"2020-12-01 00:00:00","swift","2089"
"2021-01-01 00:00:00","assembly","306"
"2021-01-01 00:00:00","c","2557"
"2021-01-01 00:00:00","c#","6162"
"2021-01-01 00:00:00","c++","4089"
"2021-01-01 00:00:00","delphi","199"
"2021-01-01 00:00:00","go","563"
"2021-01-01 00:00:00","java","7995"
"2021-01-01 00:00:00","javascript","16783"
"2021-01-01 00:00:00","perl","145"
"2021-01-01 00:00:00","php","4746"
"2021-01-01 00:00:00","python","22777"
"2021-01-01 00:00:00","r","4335"
"2021-01-01 00:00:00","ruby","522"
"2021-01-01 00:00:00","swift","2303"
"2021-02-01 00:00:00","assembly","244"
"2021-02-01 00:00:00","c","2232"
"2021-02-01 00:00:00","c#","5771"
"2021-02-01 00:00:00","c++","4077"
"2021-02-01 00:00:00","delphi","187"
"2021-02-01 00:00:00","go","565"
"2021-02-01 00:00:00","java","7536"
"2021-02-01 00:00:00","javascript","15202"
"2021-02-01 00:00:00","perl","133"
"2021-02-01 00:00:00","php","4381"
"2021-02-01 00:00:00","python","21324"
"2021-02-01 00:00:00","r","4319"
"2021-02-01 00:00:00","ruby","530"
"2021-02-01 00:00:00","swift","2249"
"2021-03-01 00:00:00","assembly","318"
"2021-03-01 00:00:00","c","2473"
"2021-03-01 00:00:00","c#","6356"
"2021-03-01 00:00:00","c++","4278"
"2021-03-01 00:00:00","delphi","253"
"2021-03-01 00:00:00","go","752"
"2021-03-01 00:00:00","java","8622"
"2021-03-01 00:00:00","javascript","16677"
"2021-03-01 00:00:00","perl","152"
"2021-03-01 00:00:00","php","4732"
"2021-03-01 00:00:00","python","23720"
"2021-03-01 00:00:00","r","5161"
"2021-03-01 00:00:00","ruby","495"
"2021-03-01 00:00:00","swift","2376"
"2021-04-01 00:00:00","assembly","318"
"2021-04-01 00:00:00","c","2288"
"2021-04-01 00:00:00","c#","5868"
"2021-04-01 00:00:00","c++","3910"
"2021-04-01 00:00:00","delphi","170"
"2021-04-01 00:00:00","go","620"
"2021-04-01 00:00:00","java","7879"
"2021-04-01 00:00:00","javascript","15773"
"2021-04-01 00:00:00","perl","136"
"2021-04-01 00:00:00","php","4295"
"2021-04-01 00:00:00","python","22307"
"2021-04-01 00:00:00","r","4790"
"2021-04-01 00:00:00","ruby","516"
"2021-04-01 00:00:00","swift","2105"
"2021-05-01 00:00:00","assembly","300"
"2021-05-01 00:00:00","c","2076"
"2021-05-01 00:00:00","c#","5697"
"2021-05-01 00:00:00","c++","4161"
"2021-05-01 00:00:00","delphi","168"
"2021-05-01 00:00:00","go","639"
"2021-05-01 00:00:00","java","7900"
"2021-05-01 00:00:00","javascript","15721"
"2021-05-01 00:00:00","perl","120"
"2021-05-01 00:00:00","php","4247"
"2021-05-01 00:00:00","python","22286"
"2021-05-01 00:00:00","r","4659"
"2021-05-01 00:00:00","ruby","399"
"2021-05-01 00:00:00","swift","1849"
"2021-06-01 00:00:00","assembly","257"
"2021-06-01 00:00:00","c","1860"
"2021-06-01 00:00:00","c#","5593"
"2021-06-01 00:00:00","c++","3802"
"2021-06-01 00:00:00","delphi","125"
"2021-06-01 00:00:00","go","608"
"2021-06-01 00:00:00","java","7537"
"2021-06-01 00:00:00","javascript","14905"
"2021-06-01 00:00:00","perl","154"
"2021-06-01 00:00:00","php","4062"
"2021-06-01 00:00:00","python","20773"
"2021-06-01 00:00:00","r","4270"
"2021-06-01 00:00:00","ruby","418"
"2021-06-01 00:00:00","swift","1780"
"2021-07-01 00:00:00","assembly","184"
"2021-07-01 00:00:00","c","1608"
"2021-07-01 00:00:00","c#","5175"
"2021-07-01 00:00:00","c++","3473"
"2021-07-01 00:00:00","delphi","140"
"2021-07-01 00:00:00","go","602"
"2021-07-01 00:00:00","java","6916"
"2021-07-01 00:00:00","javascript","14676"
"2021-07-01 00:00:00","perl","138"
"2021-07-01 00:00:00","php","3882"
"2021-07-01 00:00:00","python","20480"
"2021-07-01 00:00:00","r","4041"
"2021-07-01 00:00:00","ruby","445"
"2021-07-01 00:00:00","swift","1955"
"2021-08-01 00:00:00","assembly","161"
"2021-08-01 00:00:00","c","1522"
"2021-08-01 00:00:00","c#","5083"
"2021-08-01 00:00:00","c++","3229"
"2021-08-01 00:00:00","delphi","133"
"2021-08-01 00:00:00","go","741"
"2021-08-01 00:00:00","java","6709"
"2021-08-01 00:00:00","javascript","14531"
"2021-08-01 00:00:00","perl","118"
"2021-08-01 00:00:00","php","3848"
"2021-08-01 00:00:00","python","19738"
"2021-08-01 00:00:00","r","4030"
"2021-08-01 00:00:00","ruby","445"
"2021-08-01 00:00:00","swift","1882"
"2021-09-01 00:00:00","assembly","190"
"2021-09-01 00:00:00","c","1698"
"2021-09-01 00:00:00","c#","5026"
"2021-09-01 00:00:00","c++","3575"
"2021-09-01 00:00:00","delphi","133"
"2021-09-01 00:00:00","go","615"
"2021-09-01 00:00:00","java","6578"
"2021-09-01 00:00:00","javascript","14339"
"2021-09-01 00:00:00","perl","112"
"2021-09-01 00:00:00","php","3700"
"2021-09-01 00:00:00","python","18916"
"2021-09-01 00:00:00","r","3893"
"2021-09-01 00:00:00","ruby","444"
"2021-09-01 00:00:00","swift","1613"
"2021-10-01 00:00:00","assembly","203"
"2021-10-01 00:00:00","c","2085"
"2021-10-01 00:00:00","c#","5255"
"2021-10-01 00:00:00","c++","3692"
"2021-10-01 00:00:00","delphi","143"
"2021-10-01 00:00:00","go","698"
"2021-10-01 00:00:00","java","6526"
"2021-10-01 00:00:00","javascript","13738"
"2021-10-01 00:00:00","perl","127"
"2021-10-01 00:00:00","php","3583"
"2021-10-01 00:00:00","python","19708"
"2021-10-01 00:00:00","r","4163"
"2021-10-01 00:00:00","ruby","413"
"2021-10-01 00:00:00","swift","1561"
"2021-11-01 00:00:00","assembly","280"
"2021-11-01 00:00:00","c","2200"
"2021-11-01 00:00:00","c#","5553"
"2021-11-01 00:00:00","c++","3787"
"2021-11-01 00:00:00","delphi","138"
"2021-11-01 00:00:00","go","648"
"2021-11-01 00:00:00","java","6871"
"2021-11-01 00:00:00","javascript","13368"
"2021-11-01 00:00:00","perl","77"
"2021-11-01 00:00:00","php","3474"
"2021-11-01 00:00:00","python","19943"
"2021-11-01 00:00:00","r","4020"
"2021-11-01 00:00:00","ruby","391"
"2021-11-01 00:00:00","swift","1529"
"2021-12-01 00:00:00","assembly","264"
"2021-12-01 00:00:00","c","2091"
"2021-12-01 00:00:00","c#","4999"
"2021-12-01 00:00:00","c++","3549"
"2021-12-01 00:00:00","delphi","142"
"2021-12-01 00:00:00","go","711"
"2021-12-01 00:00:00","java","6145"
"2021-12-01 00:00:00","javascript","12997"
"2021-12-01 00:00:00","perl","100"
"2021-12-01 00:00:00","php","3225"
"2021-12-01 00:00:00","python","18922"
"2021-12-01 00:00:00","r","3536"
"2021-12-01 00:00:00","ruby","366"
"2021-12-01 00:00:00","swift","1411"
"2022-01-01 00:00:00","assembly","227"
"2022-01-01 00:00:00","c","1940"
"2022-01-01 00:00:00","c#","5239"
"2022-01-01 00:00:00","c++","3589"
"2022-01-01 00:00:00","delphi","133"
"2022-01-01 00:00:00","go","738"
"2022-01-01 00:00:00","java","6404"
"2022-01-01 00:00:00","javascript","13858"
"2022-01-01 00:00:00","perl","126"
"2022-01-01 00:00:00","php","3363"
"2022-01-01 00:00:00","python","19590"
"2022-01-01 00:00:00","r","3844"
"2022-01-01 00:00:00","ruby","442"
"2022-01-01 00:00:00","swift","1722"
"2022-02-01 00:00:00","assembly","213"
"2022-02-01 00:00:00","c","1671"
"2022-02-01 00:00:00","c#","5072"
"2022-02-01 00:00:00","c++","3178"
"2022-02-01 00:00:00","delphi","166"
"2022-02-01 00:00:00","go","640"
"2022-02-01 00:00:00","java","5886"
"2022-02-01 00:00:00","javascript","12732"
"2022-02-01 00:00:00","perl","96"
"2022-02-01 00:00:00","php","3111"
"2022-02-01 00:00:00","python","19172"
"2022-02-01 00:00:00","r","3906"
"2022-02-01 00:00:00","ruby","403"
"2022-02-01 00:00:00","swift","1593"
"2022-03-01 00:00:00","assembly","232"
"2022-03-01 00:00:00","c","1939"
"2022-03-01 00:00:00","c#","5648"
"2022-03-01 00:00:00","c++","3490"
"2022-03-01 00:00:00","delphi","119"
"2022-03-01 00:00:00","go","755"
"2022-03-01 00:00:00","java","6532"
"2022-03-01 00:00:00","javascript","13505"
"2022-03-01 00:00:00","perl","103"
"2022-03-01 00:00:00","php","3120"
"2022-03-01 00:00:00","python","20622"
"2022-03-01 00:00:00","r","4474"
"2022-03-01 00:00:00","ruby","443"
"2022-03-01 00:00:00","swift","1733"
"2022-04-01 00:00:00","assembly","247"
"2022-04-01 00:00:00","c","1735"
"2022-04-01 00:00:00","c#","5173"
"2022-04-01 00:00:00","c++","3454"
"2022-04-01 00:00:00","delphi","112"
"2022-04-01 00:00:00","go","707"
"2022-04-01 00:00:00","java","6327"
"2022-04-01 00:00:00","javascript","13403"
"2022-04-01 00:00:00","perl","100"
"2022-04-01 00:00:00","php","3171"
"2022-04-01 00:00:00","python","19758"
"2022-04-01 00:00:00","r","4175"
"2022-04-01 00:00:00","ruby","431"
"2022-04-01 00:00:00","swift","1442"
"2022-05-01 00:00:00","assembly","255"
"2022-05-01 00:00:00","c","1762"
"2022-05-01 00:00:00","c#","5468"
"2022-05-01 00:00:00","c++","3513"
"2022-05-01 00:00:00","delphi","119"
"2022-05-01 00:00:00","go","604"
"2022-05-01 00:00:00","java","6434"
"2022-05-01 00:00:00","javascript","13229"
"2022-05-01 00:00:00","perl","91"
"2022-05-01 00:00:00","php","3354"
"2022-05-01 00:00:00","python","19317"
"2022-05-01 00:00:00","r","4134"
"2022-05-01 00:00:00","ruby","435"
"2022-05-01 00:00:00","swift","1451"
"2022-06-01 00:00:00","assembly","237"
"2022-06-01 00:00:00","c","1554"
"2022-06-01 00:00:00","c#","5284"
"2022-06-01 00:00:00","c++","3063"
"2022-06-01 00:00:00","delphi","110"
"2022-06-01 00:00:00","go","674"
"2022-06-01 00:00:00","java","5687"
"2022-06-01 00:00:00","javascript","12552"
"2022-06-01 00:00:00","perl","123"
"2022-06-01 00:00:00","php","3185"
"2022-06-01 00:00:00","python","18680"
"2022-06-01 00:00:00","r","3887"
"2022-06-01 00:00:00","ruby","423"
"2022-06-01 00:00:00","swift","1505"
"2022-07-01 00:00:00","assembly","203"
"2022-07-01 00:00:00","c","1376"
"2022-07-01 00:00:00","c#","5205"
"2022-07-01 00:00:00","c++","2975"
"2022-07-01 00:00:00","delphi","116"
"2022-07-01 00:00:00","go","679"
"2022-07-01 00:00:00","java","5378"
"2022-07-01 00:00:00","javascript","12675"
"2022-07-01 00:00:00","perl","126"
"2022-07-01 00:00:00","php","3075"
"2022-07-01 00:00:00","python","18947"
"2022-07-01 00:00:00","r","3653"
"2022-07-01 00:00:00","ruby","403"
"2022-07-01 00:00:00","swift","1464"
"2022-08-01 00:00:00","assembly","162"
"2022-08-01 00:00:00","c","1428"
"2022-08-01 00:00:00","c#","5456"
"2022-08-01 00:00:00","c++","2934"
"2022-08-01 00:00:00","delphi","115"
"2022-08-01 00:00:00","go","788"
"2022-08-01 00:00:00","java","5274"
"2022-08-01 00:00:00","javascript","12996"
"2022-08-01 00:00:00","perl","116"
"2022-08-01 00:00:00","php","3106"
"2022-08-01 00:00:00","python","18585"
"2022-08-01 00:00:00","r","3780"
"2022-08-01 00:00:00","ruby","424"
"2022-08-01 00:00:00","swift","1476"
"2022-09-01 00:00:00","assembly","173"
"2022-09-01 00:00:00","c","1543"
"2022-09-01 00:00:00","c#","4966"
"2022-09-01 00:00:00","c++","2765"
"2022-09-01 00:00:00","delphi","133"
"2022-09-01 00:00:00","go","784"
"2022-09-01 00:00:00","java","5014"
"2022-09-01 00:00:00","javascript","11832"
"2022-09-01 00:00:00","perl","82"
"2022-09-01 00:00:00","php","2824"
"2022-09-01 00:00:00","python","17010"
"2022-09-01 00:00:00","r","3532"
"2022-09-01 00:00:00","ruby","399"
"2022-09-01 00:00:00","swift","1488"
"2022-10-01 00:00:00","assembly","224"
"2022-10-01 00:00:00","c","1883"
"2022-10-01 00:00:00","c#","5012"
"2022-10-01 00:00:00","c++","2915"
"2022-10-01 00:00:00","delphi","137"
"2022-10-01 00:00:00","go","679"
"2022-10-01 00:00:00","java","5258"
"2022-10-01 00:00:00","javascript","11573"
"2022-10-01 00:00:00","perl","81"
"2022-10-01 00:00:00","php","2758"
"2022-10-01 00:00:00","python","18430"
"2022-10-01 00:00:00","r","3911"
"2022-10-01 00:00:00","ruby","372"
"2022-10-01 00:00:00","swift","1324"
"2022-11-01 00:00:00","assembly","268"
"2022-11-01 00:00:00","c","1997"
"2022-11-01 00:00:00","c#","5153"
"2022-11-01 00:00:00","c++","2951"
"2022-11-01 00:00:00","delphi","107"
"2022-11-01 00:00:00","go","693"
"2022-11-01 00:00:00","java","5386"
"2022-11-01 00:00:00","javascript","11656"
"2022-11-01 00:00:00","perl","107"
"2022-11-01 00:00:00","php","2778"
"2022-11-01 00:00:00","python","18776"
"2022-11-01 00:00:00","r","3991"
"2022-11-01 00:00:00","ruby","412"
"2022-11-01 00:00:00","swift","1430"
"2022-12-01 00:00:00","assembly","258"
"2022-12-01 00:00:00","c","1716"
"2022-12-01 00:00:00","c#","4645"
"2022-12-01 00:00:00","c++","2603"
"2022-12-01 00:00:00","delphi","81"
"2022-12-01 00:00:00","go","597"
"2022-12-01 00:00:00","java","4787"
"2022-12-01 00:00:00","javascript","10217"
"2022-12-01 00:00:00","perl","94"
"2022-12-01 00:00:00","php","2359"
"2022-12-01 00:00:00","python","15799"
"2022-12-01 00:00:00","r","3205"
"2022-12-01 00:00:00","ruby","341"
"2022-12-01 00:00:00","swift","1220"
"2023-01-01 00:00:00","assembly","225"
"2023-01-01 00:00:00","c","1432"
"2023-01-01 00:00:00","c#","4689"
"2023-01-01 00:00:00","c++","2403"
"2023-01-01 00:00:00","delphi","107"
"2023-01-01 00:00:00","go","686"
"2023-01-01 00:00:00","java","4674"
"2023-01-01 00:00:00","javascript","9996"
"2023-01-01 00:00:00","perl","71"
"2023-01-01 00:00:00","php","2523"
"2023-01-01 00:00:00","python","14943"
"2023-01-01 00:00:00","r","3255"
"2023-01-01 00:00:00","ruby","326"
"2023-01-01 00:00:00","swift","1203"
"2023-02-01 00:00:00","assembly","169"
"2023-02-01 00:00:00","c","1228"
"2023-02-01 00:00:00","c#","4103"
"2023-02-01 00:00:00","c++","2033"
"2023-02-01 00:00:00","delphi","121"
"2023-02-01 00:00:00","go","617"
"2023-02-01 00:00:00","java","4076"
"2023-02-01 00:00:00","javascript","8449"
"2023-02-01 00:00:00","perl","78"
"2023-02-01 00:00:00","php","2010"
"2023-02-01 00:00:00","python","12993"
"2023-02-01 00:00:00","r","3267"
"2023-02-01 00:00:00","ruby","312"
"2023-02-01 00:00:00","swift","1062"
"2023-03-01 00:00:00","assembly","160"
"2023-03-01 00:00:00","c","1179"
"2023-03-01 00:00:00","c#","4222"
"2023-03-01 00:00:00","c++","2322"
"2023-03-01 00:00:00","delphi","120"
"2023-03-01 00:00:00","go","597"
"2023-03-01 00:00:00","java","4442"
"2023-03-01 00:00:00","javascript","8443"
"2023-03-01 00:00:00","perl","94"
"2023-03-01 00:00:00","php","1884"
"2023-03-01 00:00:00","python","12742"
"2023-03-01 00:00:00","r","3290"
"2023-03-01 00:00:00","ruby","263"
"2023-03-01 00:00:00","swift","1127"
"2023-04-01 00:00:00","assembly","177"
"2023-04-01 00:00:00","c","1093"
"2023-04-01 00:00:00","c#","3299"
"2023-04-01 00:00:00","c++","1765"
"2023-04-01 00:00:00","delphi","115"
"2023-04-01 00:00:00","go","478"
"2023-04-01 00:00:00","java","3570"
"2023-04-01 00:00:00","javascript","6534"
"2023-04-01 00:00:00","perl","55"
"2023-04-01 00:00:00","php","1582"
"2023-04-01 00:00:00","python","10018"
"2023-04-01 00:00:00","r","2597"
"2023-04-01 00:00:00","ruby","198"
"2023-04-01 00:00:00","swift","891"
"2023-05-01 00:00:00","assembly","161"
"2023-05-01 00:00:00","c","978"
"2023-05-01 00:00:00","c#","3220"
"2023-05-01 00:00:00","c++","1625"
"2023-05-01 00:00:00","delphi","100"
"2023-05-01 00:00:00","go","390"
"2023-05-01 00:00:00","java","3290"
"2023-05-01 00:00:00","javascript","6109"
"2023-05-01 00:00:00","perl","52"
"2023-05-01 00:00:00","php","1607"
"2023-05-01 00:00:00","python","9517"
"2023-05-01 00:00:00","r","2368"
"2023-05-01 00:00:00","ruby","223"
"2023-05-01 00:00:00","swift","803"
"2023-06-01 00:00:00","assembly","139"
"2023-06-01 00:00:00","c","814"
"2023-06-01 00:00:00","c#","3238"
"2023-06-01 00:00:00","c++","1644"
"2023-06-01 00:00:00","delphi","107"
"2023-06-01 00:00:00","go","495"
"2023-06-01 00:00:00","java","3316"
"2023-06-01 00:00:00","javascript","5849"
"2023-06-01 00:00:00","perl","54"
"2023-06-01 00:00:00","php","1550"
"2023-06-01 00:00:00","python","9047"
"2023-06-01 00:00:00","r","2206"
"2023-06-01 00:00:00","ruby","191"
"2023-06-01 00:00:00","swift","929"
"2023-07-01 00:00:00","assembly","150"
"2023-07-01 00:00:00","c","839"
"2023-07-01 00:00:00","c#","3275"
"2023-07-01 00:00:00","c++","1658"
"2023-07-01 00:00:00","delphi","92"
"2023-07-01 00:00:00","go","489"
"2023-07-01 00:00:00","java","3141"
"2023-07-01 00:00:00","javascript","5912"
"2023-07-01 00:00:00","perl","65"
"2023-07-01 00:00:00","php","1441"
"2023-07-01 00:00:00","python","8995"
"2023-07-01 00:00:00","r","2021"
"2023-07-01 00:00:00","ruby","200"
"2023-07-01 00:00:00","swift","934"
"2023-08-01 00:00:00","assembly","136"
"2023-08-01 00:00:00","c","795"
"2023-08-01 00:00:00","c#","3089"
"2023-08-01 00:00:00","c++","1515"
"2023-08-01 00:00:00","delphi","94"
"2023-08-01 00:00:00","go","462"
"2023-08-01 00:00:00","java","3041"
"2023-08-01 00:00:00","javascript","5224"
"2023-08-01 00:00:00","perl","48"
"2023-08-01 00:00:00","php","1502"
"2023-08-01 00:00:00","python","8252"
"2023-08-01 00:00:00","r","1997"
"2023-08-01 00:00:00","ruby","175"
"2023-08-01 00:00:00","swift","769"
"2023-09-01 00:00:00","assembly","136"
"2023-09-01 00:00:00","c","821"
"2023-09-01 00:00:00","c#","2657"
"2023-09-01 00:00:00","c++","1381"
"2023-09-01 00:00:00","delphi","98"
"2023-09-01 00:00:00","go","397"
"2023-09-01 00:00:00","java","2677"
"2023-09-01 00:00:00","javascript","4492"
"2023-09-01 00:00:00","perl","58"
"2023-09-01 00:00:00","php","1390"
"2023-09-01 00:00:00","python","6976"
"2023-09-01 00:00:00","r","1740"
"2023-09-01 00:00:00","ruby","166"
"2023-09-01 00:00:00","swift","713"
"2023-10-01 00:00:00","assembly","160"
"2023-10-01 00:00:00","c","887"
"2023-10-01 00:00:00","c#","2625"
"2023-10-01 00:00:00","c++","1548"
"2023-10-01 00:00:00","delphi","143"
"2023-10-01 00:00:00","go","394"
"2023-10-01 00:00:00","java","2659"
"2023-10-01 00:00:00","javascript","4166"
"2023-10-01 00:00:00","perl","53"
"2023-10-01 00:00:00","php","1213"
"2023-10-01 00:00:00","python","7116"
"2023-10-01 00:00:00","r","1730"
"2023-10-01 00:00:00","ruby","164"
"2023-10-01 00:00:00","swift","735"
"2023-11-01 00:00:00","assembly","158"
"2023-11-01 00:00:00","c","894"
"2023-11-01 00:00:00","c#","2635"
"2023-11-01 00:00:00","c++","1328"
"2023-11-01 00:00:00","delphi","97"
"2023-11-01 00:00:00","go","381"
"2023-11-01 00:00:00","java","2594"
"2023-11-01 00:00:00","javascript","4006"
"2023-11-01 00:00:00","perl","44"
"2023-11-01 00:00:00","php","1193"
"2023-11-01 00:00:00","python","6748"
"2023-11-01 00:00:00","r","1659"
"2023-11-01 00:00:00","ruby","132"
"2023-11-01 00:00:00","swift","711"
"2023-12-01 00:00:00","assembly","167"
"2023-12-01 00:00:00","c","814"
"2023-12-01 00:00:00","c#","2261"
"2023-12-01 00:00:00","c++","1301"
"2023-12-01 00:00:00","delphi","69"
"2023-12-01 00:00:00","go","311"
"2023-12-01 00:00:00","java","2028"
"2023-12-01 00:00:00","javascript","3712"
"2023-12-01 00:00:00","perl","53"
"2023-12-01 00:00:00","php","991"
"2023-12-01 00:00:00","python","5597"
"2023-12-01 00:00:00","r","1350"
"2023-12-01 00:00:00","ruby","129"
"2023-12-01 00:00:00","swift","598"
"2024-01-01 00:00:00","assembly","165"
"2024-01-01 00:00:00","c","788"
"2024-01-01 00:00:00","c#","2309"
"2024-01-01 00:00:00","c++","1432"
"2024-01-01 00:00:00","delphi","84"
"2024-01-01 00:00:00","go","314"
"2024-01-01 00:00:00","java","2244"
"2024-01-01 00:00:00","javascript","4007"
"2024-01-01 00:00:00","perl","33"
"2024-01-01 00:00:00","php","1139"
"2024-01-01 00:00:00","python","6204"
"2024-01-01 00:00:00","r","1560"
"2024-01-01 00:00:00","ruby","148"
"2024-01-01 00:00:00","swift","702"
"2024-02-01 00:00:00","assembly","120"
"2024-02-01 00:00:00","c","729"
"2024-02-01 00:00:00","c#","2305"
"2024-02-01 00:00:00","c++","1325"
"2024-02-01 00:00:00","delphi","103"
"2024-02-01 00:00:00","go","286"
"2024-02-01 00:00:00","java","2211"
"2024-02-01 00:00:00","javascript","3656"
"2024-02-01 00:00:00","perl","36"
"2024-02-01 00:00:00","php","1055"
"2024-02-01 00:00:00","python","6193"
"2024-02-01 00:00:00","r","1561"
"2024-02-01 00:00:00","ruby","136"
"2024-02-01 00:00:00","swift","597"
"2024-03-01 00:00:00","assembly","135"
"2024-03-01 00:00:00","c","697"
"2024-03-01 00:00:00","c#","2274"
"2024-03-01 00:00:00","c++","1251"
"2024-03-01 00:00:00","delphi","91"
"2024-03-01 00:00:00","go","304"
"2024-03-01 00:00:00","java","2269"
"2024-03-01 00:00:00","javascript","3706"
"2024-03-01 00:00:00","perl","47"
"2024-03-01 00:00:00","php","1148"
"2024-03-01 00:00:00","python","5935"
"2024-03-01 00:00:00","r","1451"
"2024-03-01 00:00:00","ruby","121"
"2024-03-01 00:00:00","swift","600"
"2024-04-01 00:00:00","assembly","180"
"2024-04-01 00:00:00","c","723"
"2024-04-01 00:00:00","c#","2647"
"2024-04-01 00:00:00","c++","1277"
"2024-04-01 00:00:00","delphi","105"
"2024-04-01 00:00:00","go","300"
"2024-04-01 00:00:00","java","2466"
"2024-04-01 00:00:00","javascript","4028"
"2024-04-01 00:00:00","perl","26"
"2024-04-01 00:00:00","php","1153"
"2024-04-01 00:00:00","python","7060"
"2024-04-01 00:00:00","r","1511"
"2024-04-01 00:00:00","ruby","113"
"2024-04-01 00:00:00","swift","661"
"2024-05-01 00:00:00","assembly","176"
"2024-05-01 00:00:00","c","656"
"2024-05-01 00:00:00","c#","2456"
"2024-05-01 00:00:00","c++","1412"
"2024-05-01 00:00:00","delphi","100"
"2024-05-01 00:00:00","go","267"
"2024-05-01 00:00:00","java","2235"
"2024-05-01 00:00:00","javascript","3921"
"2024-05-01 00:00:00","perl","38"
"2024-05-01 00:00:00","php","1148"
"2024-05-01 00:00:00","python","6805"
"2024-05-01 00:00:00","r","1369"
"2024-05-01 00:00:00","ruby","116"
"2024-05-01 00:00:00","swift","603"
"2024-06-01 00:00:00","assembly","83"
"2024-06-01 00:00:00","c","530"
"2024-06-01 00:00:00","c#","1921"
"2024-06-01 00:00:00","c++","1055"
"2024-06-01 00:00:00","delphi","67"
"2024-06-01 00:00:00","go","223"
"2024-06-01 00:00:00","java","1659"
"2024-06-01 00:00:00","javascript","2912"
"2024-06-01 00:00:00","perl","29"
"2024-06-01 00:00:00","php","944"
"2024-06-01 00:00:00","python","5001"
"2024-06-01 00:00:00","r","1082"
"2024-06-01 00:00:00","ruby","108"
"2024-06-01 00:00:00","swift","571"
"2024-07-01 00:00:00","assembly","89"
"2024-07-01 00:00:00","c","546"
"2024-07-01 00:00:00","c#","2066"
"2024-07-01 00:00:00","c++","1104"
"2024-07-01 00:00:00","delphi","54"
"2024-07-01 00:00:00","go","248"
"2024-07-01 00:00:00","java","1501"
"2024-07-01 00:00:00","javascript","2810"
"2024-07-01 00:00:00","perl","32"
"2024-07-01 00:00:00","php","847"
"2024-07-01 00:00:00","python","5104"
"2024-07-01 00:00:00","r","1039"
"2024-07-01 00:00:00","ruby","92"
"2024-07-01 00:00:00","swift","567"
"2024-08-01 00:00:00","assembly","110"
"2024-08-01 00:00:00","c","477"
"2024-08-01 00:00:00","c#","1817"
"2024-08-01 00:00:00","c++","1012"
"2024-08-01 00:00:00","delphi","82"
"2024-08-01 00:00:00","go","207"
"2024-08-01 00:00:00","java","1189"
"2024-08-01 00:00:00","javascript","2434"
"2024-08-01 00:00:00","perl","41"
"2024-08-01 00:00:00","php","782"
"2024-08-01 00:00:00","python","4437"
"2024-08-01 00:00:00","r","872"
"2024-08-01 00:00:00","ruby","103"
"2024-08-01 00:00:00","swift","532"
"2024-09-01 00:00:00","assembly","85"
"2024-09-01 00:00:00","c","443"
"2024-09-01 00:00:00","c#","1556"
"2024-09-01 00:00:00","c++","975"
"2024-09-01 00:00:00","delphi","67"
"2024-09-01 00:00:00","go","152"
"2024-09-01 00:00:00","java","1267"
"2024-09-01 00:00:00","javascript","2147"
"2024-09-01 00:00:00","perl","26"
"2024-09-01 00:00:00","php","604"
"2024-09-01 00:00:00","python","3667"
"2024-09-01 00:00:00","r","744"
"2024-09-01 00:00:00","ruby","81"
"2024-09-01 00:00:00","swift","501"
"2024-10-01 00:00:00","assembly","89"
"2024-10-01 00:00:00","c","464"
"2024-10-01 00:00:00","c#","1585"
"2024-10-01 00:00:00","c++","915"
"2024-10-01 00:00:00","delphi","84"
"2024-10-01 00:00:00","go","177"
"2024-10-01 00:00:00","java","1506"
"2024-10-01 00:00:00","javascript","1872"
"2024-10-01 00:00:00","perl","21"
"2024-10-01 00:00:00","php","649"
"2024-10-01 00:00:00","python","3471"
"2024-10-01 00:00:00","r","784"
"2024-10-01 00:00:00","ruby","63"
"2024-10-01 00:00:00","swift","456"
"2024-11-01 00:00:00","assembly","98"
"2024-11-01 00:00:00","c","400"
"2024-11-01 00:00:00","c#","1352"
"2024-11-01 00:00:00","c++","846"
"2024-11-01 00:00:00","delphi","56"
"2024-11-01 00:00:00","go","124"
"2024-11-01 00:00:00","java","1256"
"2024-11-01 00:00:00","javascript","1628"
"2024-11-01 00:00:00","perl","20"
"2024-11-01 00:00:00","php","539"
"2024-11-01 00:00:00","python","3132"
"2024-11-01 00:00:00","r","697"
"2024-11-01 00:00:00","ruby","75"
"2024-11-01 00:00:00","swift","386"
"2024-12-01 00:00:00","assembly","89"
"2024-12-01 00:00:00","c","327"
"2024-12-01 00:00:00","c#","1087"
"2024-12-01 00:00:00","c++","686"
"2024-12-01 00:00:00","delphi","42"
"2024-12-01 00:00:00","go","115"
"2024-12-01 00:00:00","java","1164"
"2024-12-01 00:00:00","javascript","1385"
"2024-12-01 00:00:00","perl","24"
"2024-12-01 00:00:00","php","428"
"2024-12-01 00:00:00","python","2691"
"2024-12-01 00:00:00","r","549"
"2024-12-01 00:00:00","ruby","52"
"2024-12-01 00:00:00","swift","315"
"2025-01-01 00:00:00","assembly","68"
"2025-01-01 00:00:00","c","322"
"2025-01-01 00:00:00","c#","1137"
"2025-01-01 00:00:00","c++","690"
"2025-01-01 00:00:00","delphi","56"
"2025-01-01 00:00:00","go","134"
"2025-01-01 00:00:00","java","1165"
"2025-01-01 00:00:00","javascript","1423"
"2025-01-01 00:00:00","perl","25"
"2025-01-01 00:00:00","php","515"
"2025-01-01 00:00:00","python","2700"
"2025-01-01 00:00:00","r","524"
"2025-01-01 00:00:00","ruby","50"
"2025-01-01 00:00:00","swift","343"
"2025-02-01 00:00:00","assembly","61"
"2025-02-01 00:00:00","c","280"
"2025-02-01 00:00:00","c#","998"
"2025-02-01 00:00:00","c++","587"
"2025-02-01 00:00:00","delphi","59"
"2025-02-01 00:00:00","go","97"
"2025-02-01 00:00:00","java","942"
"2025-02-01 00:00:00","javascript","1167"
"2025-02-01 00:00:00","perl","15"
"2025-02-01 00:00:00","php","353"
"2025-02-01 00:00:00","python","2226"
"2025-02-01 00:00:00","r","505"
"2025-02-01 00:00:00","ruby","51"
"2025-02-01 00:00:00","swift","309"
"2025-03-01 00:00:00","assembly","67"
"2025-03-01 00:00:00","c","322"
"2025-03-01 00:00:00","c#","1008"
"2025-03-01 00:00:00","c++","774"
"2025-03-01 00:00:00","delphi","54"
"2025-03-01 00:00:00","go","107"
"2025-03-01 00:00:00","java","1029"
"2025-03-01 00:00:00","javascript","1310"
"2025-03-01 00:00:00","perl","17"
"2025-03-01 00:00:00","php","420"
"2025-03-01 00:00:00","python","2554"
"2025-03-01 00:00:00","r","520"
"2025-03-01 00:00:00","ruby","48"
"2025-03-01 00:00:00","swift","321"